id;projet_millesime;projet_theme;projet_libelle;projet_localisation;projet_secteur;projet_statut;meta_datcreat;meta_datmaj;meta_source;meta_insee;meta_siren;meta_licence;meta_genealogie;meta_actif;projet_cout;projet_numero;porteur_collectif;projet_sous_theme;projet_description;type_sectorisation;secteur_numero;secteur_nom;meta_datsupp;meta_resolution;nom_fic;lamb93_x;lamb93_y;gps_x_long;gps_y_lat;latitude;longitude
13;2018;aménagement de l'espace public;Aménagement d'un jardin potager, collectif partagé et famillial;chemin de la castelette, sur un terrain qui appartient à Haribo ;Montfavet;mis au vote;20181022152424.574055;20181022174048.387657;Mairie Avignon / Pôle Vivre la Ville;84007;218400075;LO;;t;150000;22;Jardiniers du Jardin de Favet;environnement;Aménagement de parcelles de jardins en direction de famille, d'association, de collectif d'habitant en vue de cultiver des potagers et de favoriser les rencontres et la solidarité;;;;;;84007-budgetParticipatif2018;851422.9232038731;6313761.320660011;4.885010661845147;43.90658972980528;43.90658972980528;4.885010661845147
68;2018;aménagement de l'espace public;Avignon verdoyante;rue st charles;intra-muros;mis au vote;20181022152424.574055;20181022174048.387657;Mairie Avignon / Pôle Vivre la Ville;84007;218400075;LO;;t;;04;;;"Avignon se transforme, s'embellit avec ses places, ses façades, ses rues piétonnes…. Et si nous faisions encore plus en apportant du vert dans notre ville
La 2ème partie de la rue St Charles, longeant le côté de ouest de la poste après le carrefour du BD Raspail trottoir à droite fait office d'ilot sur une longueur de 40 à 50 m . De chaque côté de ce trottoir stationnement de voiture , et si on plantait sur cet ilot quelques arbres.... et si on arborait aussi le trottoir côté poste afin de transformer cette rue en une rue verdoyante, et si on interdisait le stationnement des rues côté poste, cela éviterait que ça serve d'urinoir";;;;;;84007-budgetParticipatif2018;844772.3131863014;6317719.490284036;4.803374126462899;43.943599367138575;43.943599367138575;4.803374126462899
90;2018;aménagement de l'espace public;Faire Fresque murale au stade Léon Dulcy;stade Leon dulcy;nord rocade;mis au vote;20181022152424.574055;20181022174048.387657;Mairie Avignon / Pôle Vivre la Ville;84007;218400075;LO;;t;;33;association ARBAL + CLUB Foot ACA;;embellir le stade pour améliorer l'image lors des réception des visiteurs;;;;;;84007-budgetParticipatif2018;846666.2295268102;6316841.808184218;4.826704689160189;43.93531092169307;43.93531092169307;4.826704689160189
92;2018;aménagement de l'espace public;Aménagement du pont avenue de monclar;pont avenue de monclar;ouest;mis au vote;20181022152424.574055;20181022174048.387657;Mairie Avignon / Pôle Vivre la Ville;84007;218400075;LO;;t;;35;;;"
Propositions 2018 :
nettoyage complet du pont
rénovation des trottoirs
";;;;;;84007-budgetParticipatif2018;845047.0434430297;6317494.412507978;4.806731004336329;43.94151776990323;43.94151776990323;4.806731004336329
57;2018;aménagement de l'espace public;Plantation d'arbres hautes tiges avenue St Jean;avenue st Jean;Nord;mis au vote;20181022152424.574055;20181022174048.387657;Mairie Avignon / Pôle Vivre la Ville;84007;218400075;LO;;t;;01;;;aménagement de cette avenue avec 6 à 8 arbres supplémentaires;;;;;;84007-budgetParticipatif2018;846247.6434562997;6317930.829021696;4.821805998792401;43.945196076671145;43.945196076671145;4.821805998792401
98;2018;environnement;Colle ton chewing gum;devant les établissements scolaires (élémentaires, collèges et lycées) de la ville et en zone piétonne du centre-ville;tous secteurs;mis au vote;20181022170643.632991;20181022174048.387657;Mairie Avignon / Pôle Vivre la Ville;84007;218400075;LO;;t;;41;Les Petites Choses ressources créatives / Arts Métis;;"installer des ""attrape gums"", panneaux comportant des affichettes enlevables sur lesquelles le public colle son chewing gum
panneaux ludiques en associant les jeunes avignonnais du quartier ouest pour la réalisation des visuels (photomontage du bestiaire avignonnais = personnages, gargouilles, statuaire, ...) = ateliers collage avec les écoles et les centres de loisirs
2 photos jointes";;;;;;84007-budgetParticipatif2018;844752.2742993773;6318239.26273354;4.803272431875064;43.94828002321714;43.94828002321714;4.803272431875064
66;2018;aménagement de l'espace public;Cabane à livres;dans un jardin public en intra-muros;intra-muros;mis au vote;20181022152424.574055;20181022174048.387657;Mairie Avignon / Pôle Vivre la Ville;84007;218400075;LO;;t;;02-09;;;Suite à un don important de livresde la part du magasin carrefour en Courtine, du lycée Pasteur, de particuliers, notre association a pensé qu'elle pourrait en faire profiter la population d'Avignon en faisant installer une cabanne à livres;;;;;;84007-budgetParticipatif2018;850371.4815694669;6316951.739048701;4.8728683935042;43.93551889144873;43.93551889144873;4.8728683935042
59;2018;aménagement de l'espace public;Cabane à livres;dans un jardin public en intra-muros;intra-muros;mis au vote;20181022152424.574055;20181022174048.387657;Mairie Avignon / Pôle Vivre la Ville;84007;218400075;LO;;t;;02-02;;;Suite à un don important de livresde la part du magasin carrefour en Courtine, du lycée Pasteur, de particuliers, notre association a pensé qu'elle pourrait en faire profiter la population d'Avignon en faisant installer une cabanne à livres;;;;;;84007-budgetParticipatif2018;845523.7502709054;6318553.796714165;4.812969786609248;43.95095100488883;43.95095100488883;4.812969786609248
97;2018;aménagement de l'espace public;Aménagement esplanade boulevard du Rhône;Esplanade boulevard du Rhône;intra-muros;mis au vote;20181022170643.632991;20181022174048.387657;Mairie Avignon / Pôle Vivre la Ville;84007;218400075;LO;;t;;12;;;"Revalorisation du site entre le Pont St Bénézet et le pont daladier :
proposition de plantations d'arbres, nouvel éclairage";;;;;;84007-budgetParticipatif2018;844822.5070618328;6318694.9684163695;4.804276758475525;43.9523657070795;43.9523657070795;4.804276758475525
62;2018;aménagement de l'espace public;Cabane à livres;dans un jardin public en intra-muros;intra-muros;mis au vote;20181022152424.574055;20181022174048.387657;Mairie Avignon / Pôle Vivre la Ville;84007;218400075;LO;;t;;02-05;;;Suite à un don important de livresde la part du magasin carrefour en Courtine, du lycée Pasteur, de particuliers, notre association a pensé qu'elle pourrait en faire profiter la population d'Avignon en faisant installer une cabanne à livres;;;;;;84007-budgetParticipatif2018;846148.6854352342;6316808.677323335;4.820251536221946;43.93512038769662;43.93512038769662;4.820251536221946
63;2018;aménagement de l'espace public;Cabane à livres;dans un jardin public en intra-muros;intra-muros;mis au vote;20181022152424.574055;20181022174048.387657;Mairie Avignon / Pôle Vivre la Ville;84007;218400075;LO;;t;;02-06;;;Suite à un don important de livresde la part du magasin carrefour en Courtine, du lycée Pasteur, de particuliers, notre association a pensé qu'elle pourrait en faire profiter la population d'Avignon en faisant installer une cabanne à livres;;;;;;84007-budgetParticipatif2018;848089.607369985;6318013.14779148;4.844766988363201;43.94555187859449;43.94555187859449;4.844766988363201
58;2018;aménagement de l'espace public;Cabane à livres;dans un jardin public en intra-muros;intra-muros;mis au vote;20181022152424.574055;20181022174048.387657;Mairie Avignon / Pôle Vivre la Ville;84007;218400075;LO;;t;;02-01;;;Suite à un don important de livresde la part du magasin carrefour en Courtine, du lycée Pasteur, de particuliers, notre association a pensé qu'elle pourrait en faire profiter la population d'Avignon en faisant installer une cabanne à livres;;;;;;84007-budgetParticipatif2018;844096.6087711224;6318836.455412065;4.795276320777871;43.95378760062111;43.95378760062111;4.795276320777871
89;2018;aménagement de l'espace public;Passage sous voie ferrée avenue des Sources;passage sous la voie ferrée entre le 8 et le 10 avenue des sources ;nord rocade;mis au vote;20181022152424.574055;20181022174048.387657;Mairie Avignon / Pôle Vivre la Ville;84007;218400075;LO;;t;;31;;;sécurisation du lieu;;;;;;84007-budgetParticipatif2018;845575.6933542116;6317540.377673197;4.813326794173929;43.94182228133409;43.94182228133409;4.813326794173929
102;2018;sport / loisirs;Installation tables de ping pong dans les parcs de la ville;"rocher des doms
parc pétramale
Perdiguier 
chico mendes";tous secteurs;mis au vote;20181022170643.632991;20181022174048.387657;Mairie Avignon / Pôle Vivre la Ville;84007;218400075;LO;;t;30000;39-01;;;installations fixe de tables de ping pong;;;;;;84007-budgetParticipatif2018;845168.8272353204;6318762.375722863;4.808609126466215;43.952900894539624;43.952900894539624;4.808609126466215
103;2018;sport / loisirs;Installation tables de ping pong dans les parcs de la ville;"rocher des doms
parc pétramale
Perdiguier 
chico mendes";tous secteurs;mis au vote;20181022170643.632991;20181022174048.387657;Mairie Avignon / Pôle Vivre la Ville;84007;218400075;LO;;t;30000;39-02;;;installations fixe de tables de ping pong;;;;;;84007-budgetParticipatif2018;845025.1326178827;6317846.927991547;4.806558617250344;43.9446939530206;43.9446939530206;4.806558617250344
75;2018;aménagement de l'espace public;aménagement de l'échangeur de l'amandier;rond point de l'amandier;st chamand;mis au vote;20181022152424.574055;20181022174048.387657;Mairie Avignon / Pôle Vivre la Ville;84007;218400075;LO;;t;15000;13-01;;;"réaménagement complet : fontaine à jet d'eau, plantation olivier, nouvel éclairage, jeux de lumirère de couleur
Notre ville doit être une ville spectacle";;;;;;84007-budgetParticipatif2018;848885.892406323;6317983.966773136;4.85467421563432;43.94512147583296;43.94512147583296;4.85467421563432
60;2018;aménagement de l'espace public;Cabane à livres;dans un jardin public en intra-muros;intra-muros;mis au vote;20181022152424.574055;20181022174048.387657;Mairie Avignon / Pôle Vivre la Ville;84007;218400075;LO;;t;;02-03;;;Suite à un don important de livresde la part du magasin carrefour en Courtine, du lycée Pasteur, de particuliers, notre association a pensé qu'elle pourrait en faire profiter la population d'Avignon en faisant installer une cabanne à livres;;;;;;84007-budgetParticipatif2018;846764.609629847;6318226.964018172;4.828328946162998;43.94775294566964;43.94775294566964;4.828328946162998
104;2018;sport / loisirs;Installation tables de ping pong dans les parcs de la ville;"rocher des doms
parc pétramale
Perdiguier 
chico mendes";tous secteurs;mis au vote;20181022170643.632991;20181022174048.387657;Mairie Avignon / Pôle Vivre la Ville;84007;218400075;LO;;t;30000;39-03;;;installations fixe de tables de ping pong;;;;;;84007-budgetParticipatif2018;845253.590914146;6317976.898965747;4.809440590164758;43.94581626320959;43.94581626320959;4.809440590164758
67;2018;aménagement de l'espace public;Passage sécurisé pour piétons landaux, handicapés, vélos;avenue de la synagogue;nord;mis au vote;20181022152424.574055;20181022174048.387657;Mairie Avignon / Pôle Vivre la Ville;84007;218400075;LO;;t;85000;03;;;Passage sécurisé et résorbtion du problème de stagnation des eaux pluviales à la descente du rond point du parking des italiens en direction du lotissement la Tourmaline, au sud du mur de la passerelle en parallèle d'une sécurisation de la sortie duparking des italiens la plus à l'est.;;;;;;84007-budgetParticipatif2018;846420.5937043303;6318923.070456368;4.8242451794300125;43.95408758621824;43.95408758621824;4.8242451794300125
76;2018;solidarité enfance jeunesse;City Stade à montfavet;Parc de la cantonne;Montfavet;mis au vote;20181022152424.574055;20181022174048.387657;Mairie Avignon / Pôle Vivre la Ville;84007;218400075;LO;;t;90000;14;;;créer un city stade pour que les enfants puissent s'y retrouver pour fair edu sport;;;;;;84007-budgetParticipatif2018;850136.1449002629;6316741.391977125;4.869876356794955;43.933676579915904;43.933676579915904;4.869876356794955
109;2018;aménagement de l'espace public;Equipement en jeux et signalisation des espaces canins à l'intérieur des jardins publics;"Parc de la Cantonne
Espace Canin Massillargues
Parc de Champfleury";tous secteurs;mis au vote;20181022171125.832356;20181022174048.387657;Mairie Avignon / Pôle Vivre la Ville;84007;218400075;LO;;t;20000;42-02;;;"permettre aux propriétaires de chiens de les détendre, dans un espace convivial avec des jeux et des lieux de rencontre pour les maîtres, 
mettre des bancs, des fontaines et des distributeurs de sacs à déjections canines
coût estimé = 12 000 €";;;;;;84007-budgetParticipatif2018;847531.7156917264;6318582.757451065;4.8379849248869755;43.950793838586904;43.950793838586904;4.8379849248869755
110;2018;aménagement de l'espace public;aménagement de l'échangeur de l'amandier;rond point de l'amandier;st chamand;mis au vote;20181022171125.832356;20181022174048.387657;Mairie Avignon / Pôle Vivre la Ville;84007;218400075;LO;;t;15000;13-02;;;"réaménagement complet : fontaine à jet d'eau, plantation olivier, nouvel éclairage, jeux de lumirère de couleur
Notre ville doit être une ville spectacle";;;;;;84007-budgetParticipatif2018;848171.0760120109;6315921.985209074;4.845172867827802;43.92672031385114;43.92672031385114;4.845172867827802
70;2018;mode de déplacement doux;Suppression du stationnement;rue racine;intra-muros;mis au vote;20181022152424.574055;20181022174048.387657;Mairie Avignon / Pôle Vivre la Ville;84007;218400075;LO;;t;30000;06;;;suppression du stationnement voitures sur le trottoir;;;;;;84007-budgetParticipatif2018;844881.4173147321;6318440.5877550915;4.804938008763993;43.95006485152662;43.95006485152662;4.804938008763993
64;2018;aménagement de l'espace public;Cabane à livres;dans un jardin public en intra-muros;intra-muros;mis au vote;20181022152424.574055;20181022174048.387657;Mairie Avignon / Pôle Vivre la Ville;84007;218400075;LO;;t;;02-07;;;Suite à un don important de livresde la part du magasin carrefour en Courtine, du lycée Pasteur, de particuliers, notre association a pensé qu'elle pourrait en faire profiter la population d'Avignon en faisant installer une cabanne à livres;;;;;;84007-budgetParticipatif2018;846316.1386444625;6316178.027877982;4.822155168729195;43.92941157917378;43.92941157917378;4.822155168729195
65;2018;aménagement de l'espace public;Cabane à livres;dans un jardin public en intra-muros;intra-muros;mis au vote;20181022152424.574055;20181022174048.387657;Mairie Avignon / Pôle Vivre la Ville;84007;218400075;LO;;t;;02-08;;;Suite à un don important de livresde la part du magasin carrefour en Courtine, du lycée Pasteur, de particuliers, notre association a pensé qu'elle pourrait en faire profiter la population d'Avignon en faisant installer une cabanne à livres;;;;;;84007-budgetParticipatif2018;848139.1052603889;6316523.954165941;4.84495;43.93214300002233;43.93214300002233;4.84495
82;2018;aménagement de l'espace public;aire de jeux pour enfants;quartier des tireuses de soie;sud rocade;mis au vote;20181022152424.574055;20181022174048.387657;Mairie Avignon / Pôle Vivre la Ville;84007;218400075;LO;;t;60000;23;;;avoir des balançoires, toboggans;;;;;;84007-budgetParticipatif2018;846681.3828779807;6315574.988026327;4.826528448063702;43.923910019945936;43.923910019945936;4.826528448063702
94;2018;aménagement de l'espace public;Avenir les Olivades;Champvert ou cour louis Valayer;sud rocade;mis au vote;20181022152424.574055;20181022174048.387657;Mairie Avignon / Pôle Vivre la Ville;84007;218400075;LO;;t;25000;37;;;Pouvoir travailler dans ces jardins avec les écoles, les centres sociaux, et avec les associations ;;;;;;84007-budgetParticipatif2018;845815.2740695723;6315957.974184188;4.815856820518306;43.9275355523082;43.9275355523082;4.815856820518306
71;2018;sport / loisirs;Caniparc;St Lazare;intra-muros;mis au vote;20181022152424.574055;20181022174048.387657;Mairie Avignon / Pôle Vivre la Ville;84007;218400075;LO;;t;10000;07;Collectif des animaux d'Avignon;;Aménagement d'un caniparc à la porte St lazare en face du commissariat;;;;;;84007-budgetParticipatif2018;845949.6275499392;6318669.302335432;4.818306725873857;43.95190211958779;43.95190211958779;4.818306725873857
78;2018;aménagement de l'espace public;Travaux espace Scalata;Espace scalata chemin des paroissiens (jouxte le centre social);Montfavet;mis au vote;20181022152424.574055;20181022174048.387657;Mairie Avignon / Pôle Vivre la Ville;84007;218400075;LO;;t;60000;16;;;"l'espace situé en contre bas de la route avec une surface d'environ 400 m² est inutilisé.
Pour y accéder on doit descendre par des escaliers, ceux-ci pourraient servir de gradins
Les travaux à réaliser sont : construction d'un mur acoustique pour avoir un retour sonore et aussi pour délimiter le lieu par rapport à son environnement ";;;;;;84007-budgetParticipatif2018;850270.1005246134;6316808.672856322;4.871563945139016;43.934253350334025;43.934253350334025;4.871563945139016
88;2018;aménagement de l'espace public;Aménagement du passage sous voie ferrée entre 10 et 12;passage sous la voie ferrée entre le 8 et le 10 avenue des sources ;nord rocade;mis au vote;20181022152424.574055;20181022174048.387657;Mairie Avignon / Pôle Vivre la Ville;84007;218400075;LO;;t;120000;30;Continuité du collectif Magnanen;;rendre salubre ce passage sombre en journée ralentir les voitures qui ne respectent pas la limitation à 30 km/h;;;;;;84007-budgetParticipatif2018;845570.0361031079;6317557.854538214;4.813261349033124;43.94198069380257;43.94198069380257;4.813261349033124
85;2018;aménagement de l'espace public;Améliorer notre environnement;"rue des lavandes
allée Martial, au bord du canal du puy
place de l'arrêt du bus ";sud rocade;mis au vote;20181022152424.574055;20181022174048.387657;Mairie Avignon / Pôle Vivre la Ville;84007;218400075;LO;;t;50000;26;;;fleurissement (dont lavandes) et plantations, bancs publics, aménagement d'une place qui est à l'état de terrain vague et dans laquelle il y a des rodéos, on pourrait l'appeler "place des Peintres" car exposition temporaire sur un après-midi s'y est déjà déroulé;;;;;;84007-budgetParticipatif2018;846907.6729221331;6315447.497831812;4.829308512390406;43.922715839533396;43.922715839533396;4.829308512390406
86;2018;aménagement de l'espace public;Amélioration du Parc de la Murette;Parc de la Murette et résidence Les Sources Sud;sud rocade;mis au vote;20181022152424.574055;20181022174048.387657;Mairie Avignon / Pôle Vivre la Ville;84007;218400075;LO;;t;60000;27;;;"placer des poubelles pour limiter le dépôts de vestiges de nourritures et de bouteilles ou canettes
installation de bacs dans le parc canin
pourquoi ne pas proposer aux paysans de laisser patûrer leurs troupeaux. Ce serait efficace et écologique dans le parc.";;;;;;84007-budgetParticipatif2018;846407.814378176;6315873.4080220545;4.823208874363563;43.926651831143204;43.926651831143204;4.823208874363563
61;2018;aménagement de l'espace public;Cabane à livres;dans un jardin public en intra-muros;intra-muros;mis au vote;20181022152424.574055;20181022174048.387657;Mairie Avignon / Pôle Vivre la Ville;84007;218400075;LO;;t;;02-04;;;Suite à un don important de livresde la part du magasin carrefour en Courtine, du lycée Pasteur, de particuliers, notre association a pensé qu'elle pourrait en faire profiter la population d'Avignon en faisant installer une cabanne à livres;;;;;;84007-budgetParticipatif2018;844891.1601270172;6317083.6678684605;4.804673059445219;43.937854280084835;43.937854280084835;4.804673059445219
84;2018;sport / loisirs;Installation d'agrès au clos de la murette;clos de la murette;sud rocade;mis au vote;20181022152424.574055;20181022174048.387657;Mairie Avignon / Pôle Vivre la Ville;84007;218400075;LO;;t;20000;24;;;créer un parcours sportif;;;;;;84007-budgetParticipatif2018;846557.1253983795;6315932.405069278;4.8250845529436575;43.92715159556134;43.92715159556134;4.8250845529436575
87;2018;environnement;Plantations d'agrumes le long des remparts;de la porte St Michel au Portail Magnanen (anciens parkings transformés en pelouse);secteur 3;retenu;20181022152424;20190117160333.764543;Mairie Avignon / Pôle Vivre la Ville;84007;218400075;LO;;t;;29;;;"40 agrumes de variétés patrimoniales le long des remparts sud
micro-climat et les murs protègent du gel
appel aux habitants qui ont des agrumes productifs et résistants pour identifier ces variétés = plants ou greffons
petits arbres de 2 ans pour favoriser leur enracinement
impliquer les habitants à la plantation et panneaux explicatifs pour sensibiliser avec parrainage par exemple";;;;;;84007-budgetParticipatif2018;845578.3193672122;6317735.716907357;4.813415362715837;43.94357925179384;43.94357925179384;4.813415362715837
77;2018;environnement;replantation des arbres d'alignement du chemin de la castelette face au lycée pétrarque à cantarel;chemin de la castelette en bordure de voie;Montfavet;mis au vote;20181022152424.574055;20181022174048.387657;Mairie Avignon / Pôle Vivre la Ville;84007;218400075;LO;;t;;15;;;"remplacement des arbres morts plantés en substitution des platanes eux-mêmes abattus suite à la maladie du chancre coloré
on pourrait les remplacer par des frênes ou érables champêtres";;;;;;84007-budgetParticipatif2018;851143.1355967391;6313845.28350134;4.88155390524926;43.90740517930003;43.90740517930003;4.88155390524926
79;2018;aménagement de l'espace public;Panneaux défilants pour l'information des habitants du quartier;6 panneaux : agroparc (2), st catherine, Vertes Rives/espelido, Broquetons, gare/souspirous;Montfavet;mis au vote;20181022152424;20181022174048.387657;Mairie Avignon / Pôle Vivre la Ville;84007;218400075;LO;;t;40000;17-01;Conseil de Quartier de Montfavet;;compléter le projet initial retenu pour l'année 2017 : pouvant servir autant en mairie centre qu'en mairie de Montfavet;;;;;;84007-budgetParticipatif2018;850468.4768031532;6316923.883605092;4.874067777691139;43.93524756609327;43.93524756609327;4.874067777691139
113;2018;aménagement de l'espace public;Panneaux défilants pour l'information des habitants du quartier;6 panneaux : agroparc (2), st catherine, Vertes Rives/espelido, Broquetons, gare/souspirous;Montfavet;mis au vote;20181022172510.74709;20181022174048.387657;Mairie Avignon / Pôle Vivre la Ville;84007;218400075;LO;;t;40000;17-02;Conseil de Quartier de Montfavet;;compléter le projet initial retenu pour l'année 2017 : pouvant servir autant en mairie centre qu'en mairie de Montfavet;;;;;;84007-budgetParticipatif2018;850373.7207517797;6316641.265569397;4.872804574625322;43.932725073703075;43.932725073703075;4.872804574625322
114;2018;aménagement de l'espace public;Panneaux défilants pour l'information des habitants du quartier;6 panneaux : agroparc (2), st catherine, Vertes Rives/espelido, Broquetons, gare/souspirous;Montfavet;mis au vote;20181022172510.74709;20181022174048.387657;Mairie Avignon / Pôle Vivre la Ville;84007;218400075;LO;;t;40000;17-03;Conseil de Quartier de Montfavet;;compléter le projet initial retenu pour l'année 2017 : pouvant servir autant en mairie centre qu'en mairie de Montfavet;;;;;;84007-budgetParticipatif2018;850574.731761566;6315966.385231318;4.875107533496277;43.926610244021056;43.926610244021056;4.875107533496277
124;2018;sport / loisirs;Installation tables de ping pong dans les parcs de la ville;"rocher des doms
parc pétramale
Perdiguier 
chico mendes";tous secteurs;mis au vote;20181022173817.615321;20181022174048.387657;Mairie Avignon / Pôle Vivre la Ville;84007;218400075;LO;;t;30000;39-04;;;installations fixe de tables de ping pong;;;;;;84007-budgetParticipatif2018;848426.9815947504;6318107.27357651;4.848995609547838;43.94632773449091;43.94632773449091;4.848995609547838
115;2018;aménagement de l'espace public;Panneaux défilants pour l'information des habitants du quartier;6 panneaux : agroparc (2), st catherine, Vertes Rives/espelido, Broquetons, gare/souspirous;Montfavet;mis au vote;20181022172510.74709;20181022174048.387657;Mairie Avignon / Pôle Vivre la Ville;84007;218400075;LO;;t;40000;17-04;Conseil de Quartier de Montfavet;;compléter le projet initial retenu pour l'année 2017 : pouvant servir autant en mairie centre qu'en mairie de Montfavet;;;;;;84007-budgetParticipatif2018;851393.3067170818;6314309.860765125;4.884805081462113;43.911531232843636;43.911531232843636;4.884805081462113
116;2018;aménagement de l'espace public;Panneaux défilants pour l'information des habitants du quartier;6 panneaux : agroparc (2), st catherine, Vertes Rives/espelido, Broquetons, gare/souspirous;Montfavet;mis au vote;20181022172510.74709;20181022174048.387657;Mairie Avignon / Pôle Vivre la Ville;84007;218400075;LO;;t;40000;17-05;Conseil de Quartier de Montfavet;;compléter le projet initial retenu pour l'année 2017 : pouvant servir autant en mairie centre qu'en mairie de Montfavet;;;;;;84007-budgetParticipatif2018;851758.1941725978;6314803.911921709;4.889493252819068;43.915897680960285;43.915897680960285;4.889493252819068
117;2018;aménagement de l'espace public;Panneaux défilants pour l'information des habitants du quartier;6 panneaux : agroparc (2), st catherine, Vertes Rives/espelido, Broquetons, gare/souspirous;Montfavet;mis au vote;20181022172510.74709;20181022174048.387657;Mairie Avignon / Pôle Vivre la Ville;84007;218400075;LO;;t;40000;17-06;Conseil de Quartier de Montfavet;;compléter le projet initial retenu pour l'année 2017 : pouvant servir autant en mairie centre qu'en mairie de Montfavet;;;;;;84007-budgetParticipatif2018;850420.5425934165;6317279.818616548;4.873576153663006;43.938460165111515;43.938460165111515;4.873576153663006
118;2018;aménagement de l'espace public;Equipement en jeux et signalisation des espaces canins à l'intérieur des jardins publics;"Parc de la Cantonne
Espace Canin Massillargues
Parc de Champfleury";tous secteurs;mis au vote;20181022172510.74709;20181022174048.387657;Mairie Avignon / Pôle Vivre la Ville;84007;218400075;LO;;t;20000;42-01;;;"permettre aux propriétaires de chiens de les détendre, dans un espace convivial avec des jeux et des lieux de rencontre pour les maîtres, 
mettre des bancs, des fontaines et des distributeurs de sacs à déjections canines
coût estimé = 12 000 €";;;;;;84007-budgetParticipatif2018;850282.4988879001;6317001.309386119;4.871775166811149;43.93598386442615;43.93598386442615;4.871775166811149
122;2018;aménagement de l'espace public;Equipement en jeux et signalisation des espaces canins à l'intérieur des jardins publics;"Parc de la Cantonne
Espace Canin Massillargues
Parc de Champfleury";tous secteurs;mis au vote;20181022173525.774463;20181022174048.387657;Mairie Avignon / Pôle Vivre la Ville;84007;218400075;LO;;t;20000;42-03;;;"permettre aux propriétaires de chiens de les détendre, dans un espace convivial avec des jeux et des lieux de rencontre pour les maîtres, 
mettre des bancs, des fontaines et des distributeurs de sacs à déjections canines
coût estimé = 12 000 €";;;;;;84007-budgetParticipatif2018;844469.7287032916;6317249.949510674;4.799472984806386;43.939436905833;43.939436905833;4.799472984806386
126;2018;aménagement de l'espace public;Aménagement espace autour de l'école de Massillargues;Ecole Massillargues;nord;mis au vote;20181107164449.560486;20181107172143.708343;Mairie Avignon / Pôle Vivre la Ville;84007;218400075;LO;;t;;46;;;Rendre la rue André Le Nôtre à ses riverains, créer un parc ludique pour les enfants de l’école Massillargues et  aménager  une  traversée  piétonne  sécurisée  et  colorée  sur  la  rue  René  Cassin.  Expérimenter  une  zone  de dépose-minute « Bise et Hop » concertée avec les parents d’élèves, l’école et les enfants. L’école Massillargues dispose aujourd’hui d’un atout contrairement à d’autres écoles où l’entrée est tournée vers de grandes routes à forte circulation. L’idée ici est de profiter de la configuration de l’entrée de l’école pour offrir aux enfants un parvis arboré, non goudronné et implémenté de jeux adaptés à leur âge. Implantation de radars pédagogiques aux abords de la traversée piétonne, d’assises modulaires colorées en bois et d’arceaux vélos sur le parvis, de jeux dans le parc.;;;;;;84007-budgetParticipatif2018;847978.4412411848;6318408.979824682;4.8434977829515775;43.949136613351286;43.949136613351286;4.8434977829515775
83;2018;aménagement de l'espace public;Notre sécurité ;chemin de st Gabriel;secteur 3;retenu;20181022152424;20190117160148.666738;Mairie Avignon / Pôle Vivre la Ville;84007;218400075;LO;;t;;25;Piétons / Cyclistes en danger;;"1ère partie : de l'intersection rue de la Garance / chemin St Gabrieljusqu'au stop
2ème partie : du stop à EDF
Mise en sécurité de cette partie 
ralentisseurs
passages protégés seront à matérialiser
rendre obligatoire la taille des haies bordant la totalité du chemin Saint Gabriel";;;;;;84007-budgetParticipatif2018;847157.6021941116;6315825.725477036;4.832528821285274;43.926066639559515;43.926066639559515;4.832528821285274
91;2018;aménagement de l'espace public;jeux d'eau au parc de l'abbaye de st ruf;parc de l'abbaye, espace jeux;secteur 3;retenu;20181022152424;20190117160148.666738;Mairie Avignon / Pôle Vivre la Ville;84007;218400075;LO;;t;120000;34;;;aménagement de jeux d'eau pour enfants;;;;;;84007-budgetParticipatif2018;845637.4180046477;6316510.454905284;4.813800746252744;43.93254309688111;43.93254309688111;4.813800746252744
119;2018;aménagement de l'espace public;"Aménagement d'une aire de jeux pour les enfants
réhabilitation du terrain de pétanque
mise en place des zones de marquage afin de sécuriser deux allées";place du 8 mai 1945;secteur 3;retenu;20181022173041;20190117160148.666738;Mairie Avignon / Pôle Vivre la Ville;84007;218400075;LO;;t;60000;32;comité des possibles croix des oiseaux;;"Aménagement d'une aire de jeux pour les enfants
réhabilitation du terrain de pétanque
mise en place des zones de marquage afin de sécuriser deux allées";;;;;;84007-budgetParticipatif2018;846331.7041814947;6316676.785587186;4.822492280540037;43.93389574627554;43.93389574627554;4.822492280540037
50;2018;mode de déplacement doux;Sécurisation pour les piétons de l'avenue St Catherine à Montfavet;avenue Ste Catherine;secteur 2;retenu;20181022152424;20190117160148.666738;Mairie Avignon / Pôle Vivre la Ville;84007;218400075;LO;;t;;21;;;Aménager cette avenue comme une voie urbaine assurant la continuité entre les différents quartier de ville. Installation de l'écalirage public, piste dédiée aux piétons et cycles, mise en cohérence des installations;;;;;;84007-budgetParticipatif2018;849502.1286872723;6316432.061568552;4.8618920859142785;43.93102833851426;43.93102833851426;4.8618920859142785
69;2018;aménagement de l'espace public;Déplacement du cani-parc;au fond du parking du parc vers le bord de la rocade;secteur 1;retenu;20181022152424.574055;20190117160148.666738;Mairie Avignon / Pôle Vivre la Ville;84007;218400075;LO;;t;50000;05;collectif des riverains du clos de massillargues;;"recréer l'aire pour chien sur le délaissé au fond du parking en annexant la partie sud est du parc lui-même souvent vandalisé 
réintégrer l'espace actuel au sein du parc";;;;;;84007-budgetParticipatif2018;847712.6694475019;6318609.295064789;4.8402461773999335;43.95099467663908;43.95099467663908;4.8402461773999335
95;2018;aménagement de l'espace public;Traverser autrement;"rue de la république
bord du Rhône (passage st Bénézet)
Arrêts de bus (Limbert, St Lazare, Thiers...)";tous secteurs;retenu;20181022152424;20181226095717.133573;Mairie Avignon / Pôle Vivre la Ville;84007;218400075;LO;;t;;38-01;;;Faire des passages piétons un trompe l'œil version 3D qui permettrait aux usagers piétons de travserser sur les bandes en relief pls voyantes et qui feraient lever le pied aux automobilistes pensant aborder un ralentisseur;;;;;;84007-budgetParticipatif2018;844871.1420056731;6318748.033942262;4.804897576798642;43.95283315195945;43.95283315195945;4.804897576798642
99;2018;aménagement de l'espace public;Traverser autrement;"rue de la république
bord du Rhône (passage st Bénézet)
Arrêts de bus (Limbert, St Lazare, Thiers...)";tous secteurs;retenu;20181022170643;20181226095717.133573;Mairie Avignon / Pôle Vivre la Ville;84007;218400075;LO;;t;;38-02;;;Faire des passages piétons un trompe l'œil version 3D qui permettrait aux usagers piétons de travserser sur les bandes en relief pls voyantes et qui feraient lever le pied aux automobilistes pensant aborder un ralentisseur;;;;;;84007-budgetParticipatif2018;846011.6203847866;6318613.837466636;4.819062871645811;43.951390238340046;43.951390238340046;4.819062871645811
100;2018;aménagement de l'espace public;Traverser autrement;"rue de la république
bord du Rhône (passage st Bénézet)
Arrêts de bus (Limbert, St Lazare, Thiers...)";tous secteurs;retenu;20181022170643;20181226095717.133573;Mairie Avignon / Pôle Vivre la Ville;84007;218400075;LO;;t;;38-03;;;Faire des passages piétons un trompe l'œil version 3D qui permettrait aux usagers piétons de travserser sur les bandes en relief pls voyantes et qui feraient lever le pied aux automobilistes pensant aborder un ralentisseur;;;;;;84007-budgetParticipatif2018;845861.4675822955;6318072.964468415;4.817037844905965;43.94655497552144;43.94655497552144;4.817037844905965
101;2018;aménagement de l'espace public;Traverser autrement;"rue de la république
bord du Rhône (passage st Bénézet)
Arrêts de bus (Limbert, St Lazare, Thiers...)";tous secteurs;retenu;20181022170643;20181226095717.133573;Mairie Avignon / Pôle Vivre la Ville;84007;218400075;LO;;t;;38-04;;;Faire des passages piétons un trompe l'œil version 3D qui permettrait aux usagers piétons de travserser sur les bandes en relief pls voyantes et qui feraient lever le pied aux automobilistes pensant aborder un ralentisseur;;;;;;84007-budgetParticipatif2018;845693.5547709076;6317785.57523354;4.814864574332107;43.94400401471187;43.94400401471187;4.814864574332107
105;2018;aménagement de l'espace public;création de bornes à pédales permettant de rechargéer écologiquement son mobile et autres…;idéalement placé sur des lieux de passage comme les places (l'horloge, pie, St Didier, Corps saint, crillon);tous secteurs;retenu;20181022170643;20181226095717.133573;Mairie Avignon / Pôle Vivre la Ville;84007;218400075;LO;;t;;40-01;;;sur l'espace urbain, pour recharger ses appareils électroniques, lieu de rencontre, peut être couplée avec projet "création de table / panneaux digitaux d'information et d'orientation";;;;;;84007-budgetParticipatif2018;844707.0670040038;6318453.190113432;4.802770285170508;43.950214080639;43.950214080639;4.802770285170508
106;2018;aménagement de l'espace public;création de bornes à pédales permettant de rechargéer écologiquement son mobile et autres…;idéalement placé sur des lieux de passage comme les places (l'horloge, pie, St Didier, Corps saint, crillon);tous secteurs;retenu;20181022170643;20181226095717.133573;Mairie Avignon / Pôle Vivre la Ville;84007;218400075;LO;;t;;40-02;;;sur l'espace urbain, pour recharger ses appareils électroniques, lieu de rencontre, peut être couplée avec projet "création de table / panneaux digitaux d'information et d'orientation";;;;;;84007-budgetParticipatif2018;844967.0089524024;6318328.870051155;4.805972114510025;43.94904208360905;43.94904208360905;4.805972114510025
96;2018;culture/patrimoine;Restauration de 2 roues à aubes;rue des teinturiers;secteur 1;retenu;20181022170643;20190117160148.666738;Mairie Avignon / Pôle Vivre la Ville;84007;218400075;LO;;t;95000;11;;;sur les 5 roues à aubes subsistant dans la rue des teinturiers, trois seulement ont été restaurées , le projet consiste à restaurer les 2 autres;;;;;;84007-budgetParticipatif2018;845527.6601423488;6317929.673487545;4.81283999963902;43.94533479452512;43.94533479452512;4.81283999963902
107;2018;aménagement de l'espace public;création de bornes à pédales permettant de rechargéer écologiquement son mobile et autres…;idéalement placé sur des lieux de passage comme les places (l'horloge, pie, St Didier, Corps saint, crillon);tous secteurs;retenu;20181022170643;20181226095717.133573;Mairie Avignon / Pôle Vivre la Ville;84007;218400075;LO;;t;;40-03;;;sur l'espace urbain, pour recharger ses appareils électroniques, lieu de rencontre, peut être couplée avec projet "création de table / panneaux digitaux d'information et d'orientation";;;;;;84007-budgetParticipatif2018;845325.438222865;6318241.684552934;4.8104108990212255;43.94818379035465;43.94818379035465;4.8104108990212255
108;2018;aménagement de l'espace public;création de bornes à pédales permettant de rechargéer écologiquement son mobile et autres…;idéalement placé sur des lieux de passage comme les places (l'horloge, pie, St Didier, Corps saint, crillon);tous secteurs;retenu;20181022170643;20181226095717.133573;Mairie Avignon / Pôle Vivre la Ville;84007;218400075;LO;;t;;40-04;;;sur l'espace urbain, pour recharger ses appareils électroniques, lieu de rencontre, peut être couplée avec projet "création de table / panneaux digitaux d'information et d'orientation";;;;;;84007-budgetParticipatif2018;845080.4308274025;6318064.488100531;4.807309238017693;43.94664001243657;43.94664001243657;4.807309238017693
120;2018;environnement;L'oiseau dans la ville;axe de l'île de la Barthelasse à la rocade charles de Gaulle;tous secteurs;retenu;20181022173041;20181226095717.133573;Mairie Avignon / Pôle Vivre la Ville;84007;218400075;LO;;t;25000;43-01;Pschitt;;Offrir aux oiseaux des nichoirs;;;;;;84007-budgetParticipatif2018;847079.2391014236;6317130.473087186;4.831930210636701;43.93782198468874;43.93782198468874;4.831930210636701
123;2018;environnement;L'oiseau dans la ville;axe de l'île de la Barthelasse à la rocade charles de Gaulle;tous secteurs;retenu;20181022173525;20181226095717.133573;Mairie Avignon / Pôle Vivre la Ville;84007;218400075;LO;;t;25000;43-02;Pschitt;;Offrir aux oiseaux des nichoirs;;;;;;84007-budgetParticipatif2018;843748.0265235765;6317385.571396795;4.790525059495495;43.94080476679133;43.94080476679133;4.790525059495495
125;2018;environnement;L'oiseau dans la ville;axe de l'île de la Barthelasse à la rocade charles de Gaulle;tous secteurs;mis au vote;20181022173817;20181226095717.133573;Mairie Avignon / Pôle Vivre la Ville;84007;218400075;LO;;t;25000;43-03;Pschitt;;Offrir aux oiseaux des nichoirs;;;;;;84007-budgetParticipatif2018;844542.3832851419;6318879.026690387;4.800840324761768;43.95407928315378;43.95407928315378;4.800840324761768
128;2018;aménagement de l'espace public;création de bornes à pédales permettant de rechargéer écologiquement son mobile et autres…;idéalement placé sur des lieux de passage comme les places (l'horloge, pie, St Didier, Corps saint, crillon);tous secteurs;retenu;20190117154649.725226;20190117154739.160396;Mairie Avignon / Pôle Vivre la Ville;84007;218400075;LO;;t;;40-05;;;sur l'espace urbain, pour recharger ses appareils électroniques, lieu de rencontre, peut être couplée avec projet "création de table / panneaux digitaux d'information et d'orientation";;;;;;84007-budgetParticipatif2018;845112.0242870145;6317784.3689761115;4.807622800595661;43.944113198554334;43.944113198554334;4.807622800595661
129;2018;;Ruche citadine;;tous secteurs;retenu;20190117155008.672144;20190117155331.176738;Mairie Avignon / Pôle Vivre la Ville;84007;218400075;LO;;t;20000;44-01;;;;;;;;;84007-budgetParticipatif2018;845084.584315457;6318700.988924187;4.807542435212839;43.95236593767824;43.95236593767824;4.807542435212839
130;2018;;Ruche citadine;;tous secteurs;retenu;20190117155331.179622;20190117155331.179622;Mairie Avignon / Pôle Vivre la Ville;84007;218400075;LO;;t;20000;44-02;;;;;;;;;84007-budgetParticipatif2018;844242.5429359109;6316221.322240972;4.796352779923364;43.93022865462592;43.93022865462592;4.796352779923364
131;2018;;Ruche citadine;;tous secteurs;retenu;20190117155331.179622;20190117155331.179622;Mairie Avignon / Pôle Vivre la Ville;84007;218400075;LO;;t;20000;44-03;;;;;;;;;84007-budgetParticipatif2018;847599.0940902397;6318700.988924187;4.838858333117706;43.95184347596046;43.95184347596046;4.838858333117706
72;2018;aménagement de l'espace public;Aménagement rue du Portail Magnanen;rue du portail Magnanen, place damette, place des études, rue pétramale, et rue biret;secteur 1;retenu;20181022152424;20190117160148.666738;Mairie Avignon / Pôle Vivre la Ville;84007;218400075;LO;;t;130000;08;Collectif Magnanen;;Financement de la phase 2 du projet Magnanen;;;;;;84007-budgetParticipatif2018;845415.2698764827;6317783.841515343;4.8113987777313465;43.94404591817612;43.94404591817612;4.8113987777313465
111;2018;aménagement de l'espace public;Toilettes sèches;Château St Chamand;secteur 2;retenu;20181022171125;20190117160148.666738;Mairie Avignon / Pôle Vivre la Ville;84007;218400075;LO;;t;;18;;;installation de toilettes sèches car nous n'avons pas de toilettes extérieures;;;;;;84007-budgetParticipatif2018;847968.4504559612;6316624.31283363;4.842854572656224;43.933081797727674;43.933081797727674;4.842854572656224
73;2018;aménagement de l'espace public;Une place de la pignotte entre patrimoine et verdure;place de la Pignotte, impasses, et rues adjacentes;secteur 1;retenu;20181022152424;20190117160148.666738;Mairie Avignon / Pôle Vivre la Ville;84007;218400075;LO;;t;;09;collectif de la pignotte;;"La place de la pignotte, sans trottoirs ni stationnement = piétonnisée et végétalisée = plans, photos et croquis dans le dossier
béton désactivé, parvis en calade devant hôtel Achard et église";;;;;;84007-budgetParticipatif2018;845441.6367075199;6318234.906268527;4.811856011957727;43.94809882054341;43.94809882054341;4.811856011957727
74;2018;aménagement de l'espace public;Aménagement d'espaces verts à partager ;rue rateau ;secteur 1;retenu;20181022152424;20190117160148.666738;Mairie Avignon / Pôle Vivre la Ville;84007;218400075;LO;;t;40000;10;un regroupement de personnes habitant le quartier des teinturiers;;l'idée est de récupérer un espace public (trottoir) situé entre le 10 bis rue rateau et le 12 et de le convertir en jardins potagers.;;;;;;84007-budgetParticipatif2018;845525.0811613009;6317995.0792306615;4.812826586568669;43.94592379933263;43.94592379933263;4.812826586568669
80;2018;aménagement de l'espace public;Création d'un panneau d'affichage;3 avenue François Mauriac, devant la salle municipale du château;secteur 2;retenu;20181022152424;20190117160148.666738;Mairie Avignon / Pôle Vivre la Ville;84007;218400075;LO;;t;2000;19;;;centraliser les informations et animations concernant les assos et les actions de la mairie de quartier ainsi que les arrêtés municipaux;;;;;;84007-budgetParticipatif2018;847972.0451175213;6316565.359439802;4.842882192847797;43.93255063288748;43.93255063288748;4.842882192847797
81;2018;aménagement de l'espace public;Aire de détente;Place Paul Claudel;secteur 2;retenu;20181022152424;20190117160148.666738;Mairie Avignon / Pôle Vivre la Ville;84007;218400075;LO;;t;60000;20;;;suite à l'enlèvement des platanes infectés, souhait d'une aire de détente;;;;;;84007-budgetParticipatif2018;848268.847946644;6316540.357518255;4.846570025573652;43.9322632915734;43.9322632915734;4.846570025573652
93;2018;mode de déplacement doux;Piste cyclable Bvd Jules Ferry;boulevard jules ferry;secteur 3;retenu;20181022152424;20190117160148.666738;Mairie Avignon / Pôle Vivre la Ville;84007;218400075;LO;;t;;36;;;réalisation d'une bande cyclable si possible d'une piste cyclable sur cet axe névralgiquede la ville;;;;;;84007-budgetParticipatif2018;844357.3639200719;6317108.406142484;4.798033747242356;43.93818643813777;43.93818643813777;4.798033747242356
121;2018;aménagement de l'espace public;Création d'une cabane à livres sur la place Tornati;Placette Tornati à l'angle du Bvd Jacques Monod et de l'avenue Monclar;secteur 3;retenu;20181022173525;20190117160148.666738;Mairie Avignon / Pôle Vivre la Ville;84007;218400075;LO;;t;5000;28;;;"démolition de la boucherie à cet angle et conseiller de quartier avaient demandé une cabane à livres qui n'a pas été retenue = pergola et tabouret sur cet espace.
Elle s'engage à faire vivre cette cabane en mettant des livres et en triant les usagés.
lieu bruyant en journée mais plus calme les soirs et week-end";;;;;;84007-budgetParticipatif2018;844906.8671040924;6317031.178491991;4.80485368673693;43.93737879047454;43.93737879047454;4.80485368673693
127;2018;environnement;Création d'espaces pédagogiques de jardinage;Ecole de l'Amandier;secteur 2;retenu;20181107172846;20190117160148.666738;Mairie Avignon / Pôle Vivre la Ville;84007;218400075;LO;;t;;47;;;"Ce projet coopératif en faveur d’un développement local durable ’attachera à modifier progressivement différents espaces extérieurs et intérieurs de l’école de l’Amandier pour les transformer en supports l’apprentissage et d’expression dans différents domaines, avec à terme la création d’applications numériques ludo-éducatives en lien avec ces espaces. Les réalisations se feront le plus souvent possible en matériaux nobles. Outre les espaces jardins potagers et d’agréments, cultivés en permaculture pour certains, une partie de l’espace extérieur sera aménagé pour devenir un espace d’informations et d’expression in situ autour de la connaissance et de la protection de l’environnement, avec notamment l’affichage de toutes les espèces végétales existantes. Cet espace ouvert, qui s’adresse dans un premier temps à l’ensemble de la communauté éducative de l’école, pour s’étendre progressivement à un public plus large. Un projet pour le quartier afin de développer dans l’avenir un partenariat plus large, notamment avec d’autres écoles du quartier et le tissu associatif local.
";;;;;;84007-budgetParticipatif2018;848348.9837572026;6317532.469497865;4.847856786753468;43.9411725671241;43.9411725671241;4.847856786753468
