meta_historique;id;millesime;num_site;name;name_impression;description;animations;condition_acces;unesco;monument_historique;musee_national;parcours;adresse;logo;tarifs;www;accessibilite;info_mail;info_tel;resa_mail;resa_tel;meta_datcreat;meta_datmaj;meta_datsupp;meta_insee;meta_siren;meta_source;meta_licence;meta_observations;meta_genealogie;meta_mairie_quartier;geocod_methode;geocod_fiability;geocod_real_address;meta_actif;nom_fic;lamb93_x;lamb93_y;gps_x_long;gps_y_lat;latitude;longitude
;250;2015;1;LA SURPRISE DU MENESTREL : UNE ASCENSCION CHOREGRAPHIQUE ET POETIQUE DE L'HÔTEL DE VILLE;;Le Folambule Antoine le Ménestrel dévoile la mémoire des murs en entreprenant l’escalade de la façade de l’hôtel de ville. L’architecture est sa partition chorégraphique, le monument est mis en valeur par sa présence solitaire pleine d'humanité et son propre corps révèle la fragilité humaine à travers cette ascension hors du commun.;Lors de cette balade, l’histoire de l’île, sa topographie et ses paysages seront commentés par Nerte Dautier, historienne de l'art, spécialiste du patrimoine, des paysages et des jardins, au gré de haltes successives.;Spectacle dimanche uniquement de 12h à 12h20. ;f;;f;2015 : les inédits ;Place de l'Horloge;;gratuit;lezardsbleus.com;;;04.90.74.17.23;;;20180801155108;20180801155108;;84007;218400075;Mairie Avignon / Pôle Vivre Ensemble / DPT Culture;LO;;Tableau XLS du service métier, intégration et gécodage SIG;Avignon Intra muros;manuelle;1.0;;t;84007-journeesPatrimoine2015;844968.6886104028;6318342.860245006;4.805997017612326;43.94916761172405;43.94916761172405;4.805997017612326
;251;2015;2;A LA DECOUVERTE DES CADRANS SOLAIRES D'AVIGNON ;;La ville d’Avignon possède des exemples variés de cadrans solaires réalisés à des fins diverses. Présentés à l’occasion de promenades, commentés à chaque endroit visité à travers les rues de la ville, ils apportent une vision particulière et une connaissance complémentaire et scientifique de différents bâtiments et lieux historiques remarquables.;Promenade autour des cadrans solaires menée par M. Michel Lambalieu, membre de la Commission des Cadrans solaires – Société astronomique de France. ;Samedi et dimanche à 10 heures, sur réservation préalable au 04.90.80.88.21 (places limitées).;f;;f;2015 : les inédits ;;;gratuit;u.osmfr.org/m/48751/;;;;;;20180801155108;20180801155108;;84007;218400075;Mairie Avignon / Pôle Vivre Ensemble / DPT Culture;LO;;Tableau XLS du service métier, intégration et gécodage SIG;Avignon Intra muros;manuelle;1.0;;t;84007-journeesPatrimoine2015;844976.4988772487;6318316.551977736;4.806086787655023;43.94892930111827;43.94892930111827;4.806086787655023
;252;2015;3;ETUDES ARCHEOLOGIQUE, HISTORIQUE ET PALEOGEOGRAPHIQUE DU PONT D'AVIGNON : DE NOUVELLES CONNAISSANCES POUR UN EDIFICE MAL CONNU;;Présentation des principaux résultats de l'étude pluridisciplinaire (archéologie, géographie, histoire, architecture) menée autour du Pont d'Avignon (programme PAVAGE, Agence Nationale Pour la Recherche) depuis 4 ans.;"Conférence par Matthieu Ghilardi (CNRS, Centre Européen de Recherche et d'Enseignement des Géosciences de l'Environnement) et Simone Balossino ((Université d'Avignon et des Pays de Vaucluse, Histoire, archéologie, littératures des mondes chrétiens et musulmans médiévaux). « Le pont d'Avignon est mondialement connu mais nous savons peu d’informations certaines sur lui : quand a-t-il précisément été bâti ? Quels enjeux, politiques et économiques, soulevait sa construction ? À quoi ressemblait le paysage fluvial du Rhône entre les XIIe et XVIIe siècles (période supposée d'existence du pont) ? Toutes ces questions ont pour la première fois été abordées, puis traitées, par un consortium scientifique composé de plusieurs laboratoires du CNRS en suivant une démarche interdisciplinaire. Les carottages prélevés sur l'île de la Barthelasse ont permis de dater précisément certaines piles de l'ouvrage (1230-1250 environ) aux multiples orientations et de reconstituer l'évolution du tracé du Rhône médiéval. 
La confrontation des résultats de laboratoire avec les sources textuelles permet d'enrichir le débat pluridisciplinaire. »

Conférence par Andreas Hartmann-Virnich (Université d'Aix-Marseille, Laboratoire d'Archéologie Médiévale et Moderne en Méditerranée) :
« Le pont d'Avignon ne nous est parvenu que dans un état fragmentaire. Sa partie conservée, fortement restaurée au XIXe siècle, ne donne qu'une idée partielle et transformée d'un état composite dont la chapelle seule remonte à la fin du XIIe siècle, époque à laquelle les sources écrites font remonter sa fondation. L'étude archéologique de la chapelle, de ses transformations multiples et l'analyse des nombreuses images anciennes permet de retracer l'histoire complexe de l'édifice religieux et, partant, celle du pont attenant. »
";samedi uniquement à 13h30 (durée 1h30 environ);f;;f;2015 : les inédits ;Cloître Saint-Louis, 20 rue du Portail Boquier, rez-de-chaussée.;;gratuit;;;;;;;20180801155108;20180801155108;;84007;218400075;Mairie Avignon / Pôle Vivre Ensemble / DPT Culture;LO;;Tableau XLS du service métier, intégration et gécodage SIG;Avignon Intra muros;manuelle;1.0;;t;84007-journeesPatrimoine2015;844895.0778443826;6317746.144002911;4.8049104149745165;43.94381393654278;43.94381393654278;4.8049104149745165
;253;2015;4;DEUX ANS DE CHANTIER DE RESTAURATION A LA METROPOLE NOTRE DAME DE BON REPOS;;La première mention de Notre-Dame-des-Doms remonte à 1037 mais on considère que l’édifice actuel n’a été construit qu’au XIIe s. Agrandi au cours des deux derniers siècles du Moyen Âge, la cathédrale subit des dernières transformations au XVIIe s. La statue de la Vierge en plomb doré, située au sommet du clocher, date quant à elle de 1859.;Visites commentées d’une partie du chantier de la cathédrale métropolitaine par M. le Chanoine Daniel Bréhier et un représentant du Service Territorial de l'Architecture et du Patrimoine de Vaucluse.;samedi et dimanche à 15h et à 16h (30 minutes environ). Rendez-vous sur le parvis de la cathédrale.;f;;f;2015 : les inédits ;Place du Palais;;gratuit;;;;;;;20180801155108;20180801155108;;84007;218400075;Mairie Avignon / Pôle Vivre Ensemble / DPT Culture;LO;;Tableau XLS du service métier, intégration et gécodage SIG;Avignon Intra muros;manuelle;1.0;;t;84007-journeesPatrimoine2015;845057.6562711379;6318610.942206879;4.807181397328775;43.95156130678432;43.95156130678432;4.807181397328775
;254;2015;5;LE CENTRE NAUTIQUE DE SAINT CHAMAND, UN EFIFICE INSIGNE DU PATRIMOINE DU XX e SIECLE;;Le centre nautique de Saint-Chamand, inauguré en 1967, prend place en plein cœur d’un parc des sports dessiné par les architectes Albert Conil et André Remondet. La conception même du site et l’usage exemplaire du béton brut, tant sur les plans technique qu’esthétique, font de cet édifice une réalisation majeure de l’architecture du XXe siècle à Avignon. ;Visite exceptionnelle commentée par Mme Christelle Juskiwieski, architecte, et un agent de la Direction des Sports de la Ville d’Avignon. ;samedi uniquement à 10h, sur réservation préalable au 04.90.80.83.69 (places limitées).;f;;f;2015 : les inédits ;avenue Pierre de Coubertin;;gratuit;;;;;;;20180801155108;20180801155108;;84007;218400075;Mairie Avignon / Pôle Vivre Ensemble / DPT Culture;LO;;Tableau XLS du service métier, intégration et gécodage SIG;Avignon Saint Chamand;manuelle;1.0;;t;84007-journeesPatrimoine2015;847786.9376577405;6316270.638853751;4.840492113267527;43.92993785308837;43.92993785308837;4.840492113267527
;255;2015;6;CINEMA PANDORA : LA PROJECTION D'IMAGES, 3 SIECLES D'EVOLUTION TECHNIQUE;;De la fin du XIXe siècle avec l’invention des frères Lumière au cinéma en 3D du nouveau millénaire, le cinéma est en constante mutation et les écrans font partie de notre quotidien. Ces évolutions techniques ont construit l’histoire du cinéma Pandora et ses salles de projections sont les témoins de cette mutation. ;Visite guidée du cinéma et des salles de projections (places limitées). Samedi et dimanche à 14h. Gratuit. Visite animée des salles de projections suivie d’un atelier de fabrication d’un projecteur (pour les 6 - 12 ans). Samedi et dimanche à 10h, sur réservation préalable au 04.90.85.62.05 et par mail à melaine@lepandora.fr (places limitées).;;f;;f;2015 : les inédits ;3 rue Pourquery de Boisserin;;gratuit;lepandora.fr ;;;;;;20180801155108;20180801155108;;84007;218400075;Mairie Avignon / Pôle Vivre Ensemble / DPT Culture;LO;;Tableau XLS du service métier, intégration et gécodage SIG;Avignon Intra muros;manuelle;1.0;;t;84007-journeesPatrimoine2015;844872.6255587616;6318024.640687351;4.804710106051157;43.94632426463574;43.94632426463574;4.804710106051157
;256;2015;20;MUSEE LAPIDAIRE;;Situé dans l’ancienne chapelle du collège des Jésuites (XVIIe s.), le musée accueille les collections d'archéologie classique, gallo-romaine et paléochrétienne du musée Calvet. Classé monument historique.;Visites guidées par le conservateur : samedi et dimanche à 11h.;samedi et dimanche de 10h à 13h et de 14h à 18h.;f;;t;Sites et Monuments;27, rue de la République;;gratuit;musee-lapidaire.org/;;;04.90.84.75.38;;;20180801155108;20180801155108;;84007;218400075;Mairie Avignon / Pôle Vivre Ensemble / DPT Culture;LO;;Tableau XLS du service métier, intégration et gécodage SIG;Avignon Intra muros;manuelle;1.0;;t;84007-journeesPatrimoine2015;844971.5869802027;6317978.071624687;4.8059291950289404;43.94588490959521;43.94588490959521;4.8059291950289404
;257;2015;7;LE NOUVEAU MUSEE DE LA COLLECTION LAMBERT EN AVIGNON;;Après plusieurs années de travaux menés par les architectes Berger & Berger, la Collection Lambert rouvre ses portes en 2015. La prestigieuse collection d’art contemporain réunie par Yvon Lambert prend place dans un nouvel écrin où se mêlent désormais les architectures des XVIIIe et XXIe siècles. ;Visite libre du nouveau musée. Visites commentées de la Collection permanente, Hôtel de Montfaucon : samedi et dimanche à 11h30, 12h, 16h, 16h30 (places limitées). Visite par Laurent et Cyrille Berger, architectes des travaux d’extension de la Collection Lambert : samedi à 14h (visite limitée à 30 personnes) (sous réserve). Rencontre avec Laurent et Cyrille Berger, architectes des travaux d’extension de la Collection Lambert : samedi à 15h (rencontre limitée à 80 personnes, auditorium de la Collection Lambert) (sous réserve).;Visite libre ou commentée de la Collection Permanente (Hôtel de Montfaucon) : 1 €. Visite libre de la Collection Permanente et de l’exposition Patrice Chéreau, Un Musée imaginaire (Hôtel de Caumont et de Montfaucon) : 4 €. Horaires : samedi et dimanche de 11h à 18h. Dernier accés à 17h.;f;;f;2015 : les inédits ;5 rue Violette ;;Visite libre ou commentée de la Collection Permanente (Hôtel de Montfaucon) : 1 €. Visite libre de la Collection Permanente et de l’exposition Patrice Chéreau, Un Musée imaginaire (Hôtel de Caumont et de Montfaucon) : 4 €. ;collectionlambert.com;;;;;;20180801155108;20180801155108;;84007;218400075;Mairie Avignon / Pôle Vivre Ensemble / DPT Culture;LO;;Tableau XLS du service métier, intégration et gécodage SIG;Avignon Intra muros;manuelle;1.0;;t;84007-journeesPatrimoine2015;844802.4949545802;6317877.679765377;4.803794964445415;43.94501643694468;43.94501643694468;4.803794964445415
;258;2015;8;ARCHITECTURE CONTEMPORAINE ET  PATRIMOINE HISTORIQUE : VISITE DE TROIS REALISATIONS ARCHITECTURALES DANS L'INTRA-MUROS;;Le secteur sauvegardé d’Avignon fait l’objet d’une réglementation spécifique permettant de mettre en valeur le patrimoine bâti et de maintenir une grande qualité architecturale dans l’intra-muros. Dans ce cadre, comment l’architecture contemporaine trouve-t-elle sa place ?;Visite exceptionnelle de trois interventions contemporaines dans l’intra-muros commentée par les architectes Raffaella Telese et Andrea Bortolus.;dimanche (durée environ 2h) sur réservation au 04.90.80.88.21. Horaire et lieu de RDV précisés lors de la réservation.;f;;f;2015 : les inédits ;;;gratuit;;;;;;;20180801155108;20180801155108;;84007;218400075;Mairie Avignon / Pôle Vivre Ensemble / DPT Culture;LO;;Tableau XLS du service métier, intégration et gécodage SIG;Avignon Intra muros;manuelle;1.0;;t;84007-journeesPatrimoine2015;844962.9336769372;6318303.3978441;4.805914106988517;43.94881374156331;43.94881374156331;4.805914106988517
;259;2015;9;EXPOSITION DE TRAVAUX D'ENFANTS REALISES DANS LE CADRE DES ATELIERS RYTHMES SCOLAIRES;;Exposition de divers travaux d’enfants effectués lors des ateliers rythmes scolaires durant l’année 2014-2015 dans les bibliothèques et les musées de la ville, en présence des médiateurs et des bibliothécaires. Vous pourrez découvrir les projets, les documents et les œuvres qui sont à l’origine de ces projets, ainsi que des photos des réalisations. Des jeux réalisés par les enfants (mémos et jeu de l’oie des contes) seront également à votre disposition tout au long de la journée. Vous pourrez également écouter des contes pour jeunesse par Aïni Iften le samedi et le dimanche à 15h (durée 1 h).;Spectacles chantés et contés par Luigi Rignanese en compagnie des musiciens Laurent Blanc, Thomas Bourgeois et Cyril Cianciolo de la Compagnie d’A’… : l’évocation de l’histoire du couvent des Célestins sera suivie de contes et de chants illustrant la richesse de l’histoire de la ville et la diversité de ses musiques.;samedi et dimanche de 10h15 à 18h.;f;;f;2015 : les inédits ;église des Célestins, place des Corps Saints;;gratuit;;;;;;;20180801155108;20180801155108;;84007;218400075;Mairie Avignon / Pôle Vivre Ensemble / DPT Culture;LO;;Tableau XLS du service métier, intégration et gécodage SIG;Avignon Intra muros;manuelle;1.0;;t;84007-journeesPatrimoine2015;845121.6767945968;6317736.7595578255;4.807729422547347;43.94368285588024;43.94368285588024;4.807729422547347
;260;2015;10;LE PROJET DE RECONVERSION DU TRI POSTAL, UN FUTUR CHANTIER EMBLEMATIQUE;;Depuis près d'un an, le tri-postal est en ébullition permanente accueillant, à l'initiative des associations CASA et HAS, différentes manifestations, résidences artistiques, spectacles et activités ouvertes à tous et à toutes, avec une attention particulière donnée aux personnes en grande précarité. C'est un projet ambitieux qui s'y prépare et s'y expérimente au fil des mois : à terme un centre d'hébergement, un espace de restauration, des logements, une salle de spectacle mais aussi une crèche, des ateliers et un espace de travail partagé sont projetés dans cet ancien centre de tri. ;Visite guidée du site par d'anciens salariés du Tri et d'anciens hébergés d'HAS. Visite de la friche, ateliers, musiques, et ... une surprise vous attend : le lancement d'une action citoyenne hors du commun ! Festivités diverses.;samedi uniquement de 10h à 22h30. Rendez vous 5 bis avenue du blanchissage.;f;;f;2015 : les inédits ;5 bis avenue du Blanchissage;;gratuit;;;;06 13 09 30 64;;;20180801155108;20180801155108;;84007;218400075;Mairie Avignon / Pôle Vivre Ensemble / DPT Culture;LO;;Tableau XLS du service métier, intégration et gécodage SIG;Avignon Ouest;manuelle;1.0;;t;84007-journeesPatrimoine2015;844708.1866503904;6317552.087471257;4.802528010282299;43.942106375977765;43.942106375977765;4.802528010282299
;261;2015;11;DECOUVERTE DU PATRIMOINE ENVIRONNEMENTAL ET RURAL DE LA CEINTURE VERTE;;"L’association « Le Moulin Notre-Dame » vous propose une promenade à pied dans l’espace rural d’Avignon sud. L’itinéraire élaboré vous fera découvrir la richesse de son patrimoine naturel et agricole. Lors de cette promenade, l’histoire de la ville et de l’agriculture sera abordée sous l’angle des paysages agricoles et naturels du sud d’Avignon, commentés au gré de haltes successives. Au retour, quelques panneaux dans le moulin Notre-Dame complèteront les découvertes de la matinée (histoire de l’agriculture, du moulin, du canal Puy, de la chapelle St Gabriel...).
Si vous souhaitez prolonger la discussion, prévoyez quelques boissons et grignotages à partager.
";;samedi et dimanche à 9h30 (durée environ 2h). ;f;;f;2015 : les inédits ;Rendez -vous Moulin Notre-Dame, croisement de l’avenue du Moulin Notre-Dame, de l’avenue de la Bouquetière (face au restaurant Le Diapason). Prévoir des chaussures confortables.;;gratuit;;;lemoulindenotredame@gmail.com;06.87.29.13.43;;;20180801155108;20180801155108;;84007;218400075;Mairie Avignon / Pôle Vivre Ensemble / DPT Culture;LO;;Tableau XLS du service métier, intégration et gécodage SIG;Avignon Sud rocade;manuelle;1.0;;t;84007-journeesPatrimoine2015;846239.4416920863;6315535.394184478;4.821015825842753;43.92364564313057;43.92364564313057;4.821015825842753
;262;2015;12;HÔTEL DE VILLE;;Construit de 1845 à 1856 autour de la Tour du Jacquemart, seul vestige de l'ancienne livrée cardinalice d'Albano (XIVe siècle), l’Hôtel de ville est le siège de l’administration communale et le lieu de la démocratie locale et citoyenne. La salle des Fêtes se distingue par son décor Second Empire. Point d’accueil des Journées Européennes du Patrimoine. Classé monument historique.;"Visite libre. Visites guidées de l'Antichambre, de la salle des Fêtes et de la salle du Conseil Municipal, samedi à 11h, 14h et 16h ; dimanche à 12h20, 14h et 16h. Spectacle «  La surprise du ménestrel » : une ascension chorégraphique et poétique de l’Hôtel de Ville, dimanche uniquement de 12h à 12h20, sur la place de l’Horloge. ";samedi et dimanche de 10h à 18h.;f;;f;Sites et Monuments;Place de l'Horloge;;gratuit;avignon.fr;;;;;;20180801155108;20180801155108;;84007;218400075;Mairie Avignon / Pôle Vivre Ensemble / DPT Culture;LO;;Tableau XLS du service métier, intégration et gécodage SIG;Avignon Intra muros;manuelle;1.0;;t;84007-journeesPatrimoine2015;844923.0549444042;6318356.89112631;4.805432714637332;43.949303242408575;43.949303242408575;4.805432714637332
;263;2015;50;L’ ÉGLISE DES CÉLESTINS ET LA PLACE DES CORPS SAINTS;;"L’ancien couvent des Célestins a été fondé par le pape Clément VII et le roi de France Charles VI, à l’extrême fin du XIVe siècle, à l’endroit exact où se trouvait le tombeau du Bienheureux Pierre de Luxembourg. Il fut l’un des ensembles religieux les plus riches de la cité, avant d’être successivement transformé, aux XIXe et XXe s. en pénitencier militaire, en caserne puis en locaux administratifs.
Visite guidée de l’église des Célestins, de la Chapelle Saint-Michel et
de la place des Corps Saints. Durée 1h.";;RV samedi et dimanche à 11h30, 14h30 et 16h ;f;;f;Visites patrimoniales;devant l’église des Célestins, place des Corps Saints;;gratuit;;;;;;;20180801155108;20180801155108;;84007;218400075;Mairie Avignon / Pôle Vivre Ensemble / DPT Culture;LO;;Tableau XLS du service métier, intégration et gécodage SIG;Avignon Intra muros;manuelle;1.0;;t;84007-journeesPatrimoine2015;845108.5758440688;6317744.506802091;4.807568494396128;43.943755258692285;43.943755258692285;4.807568494396128
;264;2015;13;MEDIATHEQUE CECANNO;;Installée dans l’ancienne livrée du cardinal Annibal Ceccano remarquablement conservée (XIVe s.), transformée au XVIe s. en collège des Jésuites. Peintures et plafonds peints au XIVe s. Abrite les collections patrimoniales de la Bibliothèque municipale d'Avignon. Classé monument historique.;Visite libre du bâtiment. Attention, le dimanche les espaces jeunesse et musique seront fermés au public, pas de prêt de livres le dimanche. Visite guidée du bâtiment abritant la bibliothèque Ceccano : la livrée cardinalice du XIVe siècle, le collège des Jésuites du XVIe siècle, le lycée du XXe siècle, la bibliothèque du XXIe siècle dimanche à 11h, 14h, et 16h, dans la limite des places disponibles (25 pers). Visite guidée des fonds patrimoniaux par les conservateurs. Visite d’un magasin de conservation et présentation de documents patrimoniaux samedi à 11h, 14h, 16h et dimanche 15h, 17h dans la limite des places disponibles (20 pers.). Exposition « Itinéraires d’écriture arable ». Présentation de documents anciens en écriture arabe « Trésors de l’écriture arabe », issus du fonds patrimonial de la bibliothèque Ceccano, samedi à 15h et 17h. Atelier de calligraphie arabe, animé par une spécialiste, à destination des enfants, dimanche à 14h et 16h.;samedi et dimanche de 10h à 18h. Accès handicapés moteurs partiel.;f;;f;Sites et Monuments;2 bis rue Laboureur;;gratuit;;;;;;;20180801155108;20180801155108;;84007;218400075;Mairie Avignon / Pôle Vivre Ensemble / DPT Culture;LO;;Tableau XLS du service métier, intégration et gécodage SIG;Avignon Intra muros;manuelle;1.0;;t;84007-journeesPatrimoine2015;845010.8734405345;6318017.160479992;4.806429558363723;43.946228516002265;43.946228516002265;4.806429558363723
;265;2015;14;ARCHIVES MUNICIPALES;;Les Archives municipales d'Avignon sont installées dans le plus ancien Mont-de-Piété de France (1610). Un petit musée y présente des collections du Mont-de-piété et de la Condition des soies.;Ouverture de l’exposition Connus et moins connus – Portraits. Cour des archives, rues Saluces, du Mont-de-Piété, de la Croix. Accueil et renseignement des visiteurs dans les espaces suivants : - Musée du Mont-de-Piété et de la Condition des Soies,  Salle de lecture pour démonstrations de fonctionnement du site Internet, Pôle iconographique (1er étage) : traitement des documents figurés, - Réserve (1er étage) : présentation de documents et des missions du service des Archives.;samedi et dimanche de 14h à 18h. Accès handicapés moteurs partiel.;f;;f;Sites et Monuments;6 rue Saluces;;gratuit;archives.avignon.fr;;;04.90.86.53.12;;;20180801155108;20180801155108;;84007;218400075;Mairie Avignon / Pôle Vivre Ensemble / DPT Culture;LO;;Tableau XLS du service métier, intégration et gécodage SIG;Avignon Intra muros;manuelle;1.0;;t;84007-journeesPatrimoine2015;845346.4594162795;6318455.544371351;4.810733764834121;43.95010360891938;43.95010360891938;4.810733764834121
;266;2015;15;ARCHIVES DEPARTEMENTALES DE VAUCLUSE;;Les Archives départementales de Vaucluse sont installées depuis 1883 dans la partie nord du Palais des papes (palais gothique du XIVe siècle). Classé monument historique.;"Visite libre des Archives. Conférence : « Les archives : la fabrique d’un patrimoine », samedi 14h -18h et dimanche 13h - 18h. Exposition : « Max Bourgoin, un architecte en Vaucluse », samedi et dimanche 13h – 18h. Focus sur « des productions plastiques de lycéens : un patrimoine en devenir », dimanche 13h – 18h. Inscription nécessaire pour la conférence :
 Courriel : archives84@cg84.fr
 Téléphone : 04.90.86.71.72
";samedi et dimanche de 13h à 18h.;t;;f;Sites et Monuments;Palais des papes - Place du palais;;gratuit;archives.vaucluse.fr;;archives84@cg84.fr;04.90.86.16.18 – 04.90.86.71.53 – 04.90.86.71.60;;;20180801155108;20180801155108;;84007;218400075;Mairie Avignon / Pôle Vivre Ensemble / DPT Culture;LO;;Tableau XLS du service métier, intégration et gécodage SIG;Avignon Intra muros;manuelle;1.0;;t;84007-journeesPatrimoine2015;845059.5939915865;6318543.987034513;4.807186442116591;43.95095849211742;43.95095849211742;4.807186442116591
;267;2015;16;PALAIS DU ROURE;;Ancien Hôtel de Baroncelli-Javon (XVe s.), transformé en « Villa Médicis provençale ». A la fois musée, centre d'archives et de documentation et bibliothèque, le Palais du Roure possède des collections traitant de la Provence, de la latinité, de l'archéologie nationale et de la Guerre de 1914-1918. Classé monument historique.;Exposition : « Jean-Henri Fabre félibre et savant (1823-1915) »Jean-Henri Fabre, fameux de par le monde pour ses recherches exceptionnelles sur les insectes et pour ses écrits nombreux et extrêmement pédagogiques, fut aussi un touchant poète en langue provençale et résida à Avignon pendant près de 20 ans. - Exposition : « Boutis d’aujourd’hui » : Présentée par Marie Silvestre, Aiguille d’or, Chapelle des Baroncelli (Aux heures d’ouverture du Palais du Roure), - Rencontre avec L’Oustau d’Avignoun et les associations provençales. Présentation des activités et publications. Salle de l’antichambre, (Aux heures d’ouverture du Palais du Roure).;samedi et dimanche de 10h à 13h et de 14h à 18h.;f;;f;Sites et Monuments;3 rue Collège du Roure;;gratuit;http://www.avignon.fr/fr/culture/musees/roure.php;;;04.90.80.80.88;;;20180801155108;20180801155108;;84007;218400075;Mairie Avignon / Pôle Vivre Ensemble / DPT Culture;LO;;Tableau XLS du service métier, intégration et gécodage SIG;Avignon Intra muros;manuelle;1.0;;t;84007-journeesPatrimoine2015;844933.8442975271;6318271.640742092;4.8055427999999925;43.94853400002231;43.94853400002231;4.8055427999999925
;268;2015;17;MUSEE DU PETIT PALAIS;;Installé dans l’ancien palais des archevêques dont la construction commence au début du XIVe siècle lors de l’installation de la papauté à Avignon, le musée du Petit Palais jouit d’un emplacement prestigieux sur la place du Palais des Papes, au cœur du périmètre du site classé au patrimoine mondial de l’UNESCO. Ouvert depuis 1976, le musée présente des collections provenant de deux origines distinctes : la collection de peintures italiennes rassemblées par le marquis Campana dans la première moitié du XIXe siècle et constituant un dépôt exceptionnel du musée du Louvre et un ensemble de peintures et sculptures provençales du Moyen Âge déposées par la Fondation Calvet. Classé monument historique.;Visite guidée par le conservateur et son adjointe, samedi et dimanche à 10h et à 14h.  Visite libre des collections permanentes et de l’exposition : Les dossiers du Petit Palais #2. Piété populaire en Italie au Moyen Âge : La bannière de saint Blaise de Niccolò da Foligno.;Samedi et dimanche de 10h à 13h et de 14h à 18h.;t;;t;Sites et Monuments;Place du Palais;;gratuit;petit-palais.org;;;04.90.86.44.58;;;20180801155108;20180801155108;;84007;218400075;Mairie Avignon / Pôle Vivre Ensemble / DPT Culture;LO;;Tableau XLS du service métier, intégration et gécodage SIG;Avignon Intra muros;manuelle;1.0;;t;84007-journeesPatrimoine2015;845011.5202745146;6318725.264562948;4.80663939999999;43.95259940002227;43.95259940002227;4.80663939999999
;269;2015;18;MUSEE D'HISTOIRE NATURELLE (MUSEE REQUIEN);;Ancien Hôtel de Raphaélis de Soissans (XVIIIe s.). Musée créé par Esprit Requien en 1840. Le Musée d’Histoire naturelle d’Avignon porte le nom d’Esprit Requien (1788-1851) qui fût un naturaliste célèbre du XIXe s. Botaniste, il constitua un herbier qui est considéré de nos jours comme une référence internationale du fait de la présence de nombreux taxons ayant permis de définir des espèces nouvelles.;Visite libre de l’exposition : « Le loup, le retour ! De la réputation à la réalité ». Porteur d’un fort symbolisme, longtemps diabolisé et combattu puis disparu de nos paysages et de notre mémoire, le loup est de retour en France et en Vaucluse avec son cortège de conflits et d’affrontements entre défenseurs de la Nature et éleveurs. Le Muséum Requien a réuni tous les éléments permettant de mieux comprendre ce prédateur ainsi que les enjeux économiques liés à sa présence.;samedi et dimanche de 10h à 13h et de 14h à 18h. Accès handicapés moteurs partiel.;f;;t;Sites et Monuments;67 rue Joseph Vernet;;gratuit;museum-avignon.org;;;04.90.82.43.51;;;20180801155108;20180801155108;;84007;218400075;Mairie Avignon / Pôle Vivre Ensemble / DPT Culture;LO;;Tableau XLS du service métier, intégration et gécodage SIG;Avignon Intra muros;manuelle;1.0;;t;84007-journeesPatrimoine2015;844770.1587528733;6318069.370246208;4.803446822528538;43.94674777611565;43.94674777611565;4.803446822528538
;270;2015;19;MUSEE CALVET;;Dans l’Hôtel de Villeneuve-Martignan (XVIIIe s.) s’exposent les collections de beaux-arts de la Ville : peintures, sculptures et objets d’art, du XVe au XXe s. Classé monument historique .;Visites guidées par le conservateur : samedi et dimanche à 11h. ;samedi et dimanche de 10h à 13h et de 14h à 18h.;f;;t;Sites et Monuments;65 rue Joseph Vernet ;;gratuit;musee-calvet-avignon.com;;;04.90.86.33.84;;;20180801155108;20180801155108;;84007;218400075;Mairie Avignon / Pôle Vivre Ensemble / DPT Culture;LO;;Tableau XLS du service métier, intégration et gécodage SIG;Avignon Intra muros;manuelle;1.0;;t;84007-journeesPatrimoine2015;844767.3359624147;6318096.894525303;4.803419500000007;43.946996000022295;43.946996000022295;4.803419500000007
;271;2015;21;MUSEE VOULAND;;"Demeure de l’industriel et collectionneur provençal Louis Vouland (1883-1973) ; collection d'arts décoratifs (XVIIIe s.) dans  l’ancien Hôtel Villeneuve d'Esclapon (XIXe s.). Jardin traversé par le canal de Vaucluse. Exposition : Grillons et papillons Vauclusiens, œuvres contemporaines, côtoient 19 aquarelles de champignons de Jean-Henri Fabre (collections particulières)… ";Visite par la conservatrice Odile Guichard : Les dessous de la ville du XXIe s., ou la réapparition du Canal de Vaucluse dans le jardin du Musée. Le Canal de Vaucluse couvert il y a un siècle pour des raisons d’hygiène s’est révélé un jour pluvieux de novembre 2014. Cette visite rappellera son parcours et son histoire. La Sorgue est à  Avignon, ce que le cœur, les artères et les artérioles sont au corps de l’homme. (P. Yvaren, 1873), samedi et dimanche à 10h30. - Visite par la conservatrice Odile Guichard de l’exposition « Jean-Henri Fabre (1823 – 1915), l’art dans la nature Observer – (Re)présenter – Transmettre », samedi et dimanche à 16h30. Les enfants sont invités à se munir de carnet et de crayons.;samedi et dimanche de 10h à 18h.;f;;f;Sites et Monuments;17 rue Victor Hugo;;Tarif unique 1€ - Gratuit – de 18 ans;vouland.com;;;04.90.86.03.79;;;20180801155108;20180801155108;;84007;218400075;Mairie Avignon / Pôle Vivre Ensemble / DPT Culture;LO;;Tableau XLS du service métier, intégration et gécodage SIG;Avignon Intra muros;manuelle;1.0;;t;84007-journeesPatrimoine2015;844541.0460147109;6318127.149762244;4.800610094596972;43.94731468698438;43.94731468698438;4.800610094596972
;272;2015;22;MUSEE ANGLADON;;Ancien Hôtel de Massilian (XVIIIe s.). Demeure d’amateurs d’art.;Visite libre du musée. Accès handicapés moteurs.;samedi et dimanche de 13h à 18h;f;;f;Sites et Monuments;5 rue Laboureur;;Tarif unique 3€ - Gratuit – de 25 ans.;angladon.com;;;04.90.82.29.03;;;20180801155108;20180801155108;;84007;218400075;Mairie Avignon / Pôle Vivre Ensemble / DPT Culture;LO;;Tableau XLS du service métier, intégration et gécodage SIG;Avignon Intra muros;manuelle;1.0;;t;84007-journeesPatrimoine2015;845054.4521785999;6318001.843561717;4.806967872357214;43.946081732764895;43.946081732764895;4.806967872357214
;273;2015;23;MAISON JEAN VILAR;;Installée depuis 1979 au cœur d'Avignon dans l'hôtel de Crochans du XVIIIe s., la Maison Jean Vilar concentre des espaces d’exposition, une vidéothèque et une bibliothèque (antenne décentralisée de la Bibliothèque nationale de France) dédiées aux arts du spectacle. Elle propose des rencontres, des spectacles, des ateliers pédagogiques et un programme éditorial. Classé monument historique.;Visite de l’hôtel particulier. Exposition et projections « Avignon, le rêve que nous faisons tous ». 2ème étage, à la bibliothèque : « 50e OFF » à voir, feuilleter, consulter ou lire… XVe . « patrimoine en vitrine » consacré à l’histoire et la mémoire du OFF d’Avignon.;samedi uniquement de 10h à 21h. Accès handicapés moteurs partiel .;f;;f;Sites et Monuments;8 Rue de Mons;;gratuit;maisonjeanvilar.org/news;;;04.90.86.59.64;;;20180801155108;20180801155108;;84007;218400075;Mairie Avignon / Pôle Vivre Ensemble / DPT Culture;LO;;Tableau XLS du service métier, intégration et gécodage SIG;Avignon Intra muros;manuelle;1.0;;t;84007-journeesPatrimoine2015;845016.1262170955;6318353.8028109865;4.806590899999993;43.94925630002228;43.94925630002228;4.806590899999993
;274;2015;24;OPERA GRAND AVIGNON;;Détruit par un incendie en 1846 et rebâti aussitôt par T. Charpentier et L. Feuchères, sa façade est ornée des statues de Molière et Corneille par J.P. Gras. Salle à l’italienne avec plafond peint. Classé monument historique.;Visite libre de l’Opéra. « Les outils techniques » : démonstration sur scène des techniques liées aux spectacles vivants. Accès handicapés moteurs partiel.;samedi de 9h30 à 11h30 et de 14h à 17h.;f;;f;Sites et Monuments;Place de l’Horloge;;gratuit;operagrandavignon.fr;;;04.90.14.26.41;;;20180801155108;20180801155108;;84007;218400075;Mairie Avignon / Pôle Vivre Ensemble / DPT Culture;LO;;Tableau XLS du service métier, intégration et gécodage SIG;Avignon Intra muros;manuelle;1.0;;t;84007-journeesPatrimoine2015;844941.1852968893;6318400.069478638;4.805670799999995;43.949688000022284;43.949688000022284;4.805670799999995
;275;2015;25;PALAIS DES PAPES;;La résidence des souverains pontifes et le siège de la chrétienté au XIVe siècle. Classé monument historique.;Exposition « Images inédites d’une restauration 1901-1944 » : une trentaine de photographies du fonds de l’architecte en chef Nodet qui présentent l’état du Palais des Papes en cours de restauration durant cette période. Circuit Centre de congrès : espaces conclave et grand promenoir, habituellement réservés aux congrès, ouverts exceptionnellement au public. Circuit jardins : dispositifs de présentation de l’histoire des jardins et des fouilles archéologiques.;samedi et dimanche de 9h à 19h (attention fermeture des grilles 1h avant).;t;;f;Sites et Monuments;Place du Palais;;Samedi payant - Dimanche gratuit (audioguide payant 2€).;palais-des-papes.com;;;;;;20180801155108;20180801155108;;84007;218400075;Mairie Avignon / Pôle Vivre Ensemble / DPT Culture;LO;;Tableau XLS du service métier, intégration et gécodage SIG;Avignon Intra muros;manuelle;1.0;;t;84007-journeesPatrimoine2015;845056.3054581777;6318499.591833494;4.807132831403484;43.9505597326895;43.9505597326895;4.807132831403484
;276;2015;26;PONT SAINT BENEZET;;Célèbre pont de la chanson construit en 1177 et remanié fréquemment du XIVe s. au XVIIe s. Chapelle Saint-Bénezet surmontée de la chapelle Saint-Nicolas qui abrite Notre-Dame des Nautoniers. Classé monument historique.;Visite libre du pont.;samedi et dimanche de 9h à 19h (attention dernière admission à 18h 30).;t;;f;Sites et Monuments;Rue Ferruce;;Samedi payant – Dimanche gratuit (pas de remise d’audioguide).;avignon-tourisme.com;;;;;;20180801155108;20180801155108;;84007;218400075;Mairie Avignon / Pôle Vivre Ensemble / DPT Culture;LO;;Tableau XLS du service métier, intégration et gécodage SIG;Avignon Intra muros;manuelle;1.0;;t;84007-journeesPatrimoine2015;844908.7669914523;6318779.733861914;4.8053751978480035;43.95311062578022;43.95311062578022;4.8053751978480035
;277;2015;27;ECOLE D'AVIGNON;;L'Ecole d'Avignon, centre de ressources sur le bâti ancien, est installée depuis juin 1983 dans l'Hôtel du Roi René. Sa création a permis de réutiliser l'Hôtel du Roi René et de programmer sa restauration complète. La destination particulière des bâtiments-école, et en conséquence lieu d'analyse et de réflexion, a guidé l'intervention en cherchant à présenter la mémoire bâtie de l'édifice, avec ses différents styles, époques, usages. ;Visites guidées de la maison du Roi René. Découverte de réalisations à la peinture à la chaux réalisées par les stagiaires. « Peintres en décor du patrimoine ». Découverte des travaux de peinture décorative réalisés par les stagiaires « Peintres en décor du patrimoine ». Conférence chantée « Le chant de la pierre : calades et pierre sèche » par René Sette, dimanche à 14h00 .;samedi et dimanche de 10h à 17h.;f;;f;Sites et Monuments;6 rue Grivolas;;;;;;04.90.85.59.82;;;20180801155108;20180801155108;;84007;218400075;Mairie Avignon / Pôle Vivre Ensemble / DPT Culture;LO;;Tableau XLS du service métier, intégration et gécodage SIG;Avignon Intra muros;manuelle;1.0;;t;84007-journeesPatrimoine2015;845243.8463077787;6318085.096406426;4.809350121770199;43.94679175367017;43.94679175367017;4.809350121770199
;278;2015;28;UNIVERSITE D'AVIGNON ET DES PAYS DE VAUCLUSE;;"L'Université d'Avignon et des Pays de Vaucluse est installée sur le site de l’ancien hôpital Sainte-Marthe (XVIIe s. – XVIIIe s.) qui héberge une ancienne boutique d'apothicairerie. Le site allie l'architecture classique de l'ancien bâtiment avec une architecture contemporaine ; il est aussi ponctué de cours intérieures et d'un parc disposant d'une installation in situ. Classé monument historique (partiellement).";Visite guidée du site Sainte-Marthe et de ses trésors cachés (pharmacie…) assurée par des membres de la communauté universitaire, étudiants et personnels, pour mieux connaître cet ancien hôpital devenu université et découvrir comment un patrimoine historique peut devenir un patrimoine scientifique, un lieu de vie, un campus. A partir de 14 h : départ de la visite du campus toutes les trente minutes avec visite de la pharmacie et de l’exposition sur l’histoire de l’université. Conférence : L’Université, un patrimoine en construction (horaire à consulter sur le site internet). Mise en lumière du Verger artistique réalisé dans le cadre du 1% artistique sur le campus Jean-Henri Fabre, un patrimoine en train de se construire, en hommage au 100ème anniversaire de sa disparition. ;samedi de 14h à 18h. Accès handicapés moteurs partiel.;f;;f;Sites et Monuments;74 rue Louis Pasteur;;;www.univ-avignon.fr;;;;;;20180801155108;20180801155108;;84007;218400075;Mairie Avignon / Pôle Vivre Ensemble / DPT Culture;LO;;Tableau XLS du service métier, intégration et gécodage SIG;Avignon Intra muros;manuelle;1.0;;t;84007-journeesPatrimoine2015;845868.6909125596;6318410.336319334;4.817224500000012;43.94958890002227;43.94958890002227;4.817224500000012
;279;2015;29;CHS DE MONTFAVET;;Le centre hospitalier de Montfavet vous invite à découvrir une facette de son histoire à travers son musée Les Arcades retraçant l’histoire de l’hôpital et la place de la création. Vous pourrez visiter le site du centre hospitalier, la chapelle et le temple ainsi qu’un atelier de création et découvrir les différentes œuvres exposées au sein du site de l’établissement. Une visite guidée jusqu’aux ruines du château de Montdevergues est prévue aux heures indiquées ci-dessous. Une permanence sera assurée par du personnel de l’hôpital qui sera heureux de vous apporter les précisions nécessaires.;Visites guidées du musée Les Arcades et du site historique dimanche à 10h, 11h, 14h, 15h 16h. Visites guidées des ruines du château de Montdevegues dimanche à 10h30, 15, 16h.;dimanche de 10h à 12h30 et de 14h à 18h. Accès handicapés moteurs.;f;;f;Sites et Monuments;2 avenue de la Pinède - 84140 Montfavet;;gratuit;ch-montfavet.fr;;;04.90.03.95.53;;;20180801155108;20180801155108;;84007;218400075;Mairie Avignon / Pôle Vivre Ensemble / DPT Culture;LO;;Tableau XLS du service métier, intégration et gécodage SIG;Avignon Montfavet;manuelle;1.0;;t;84007-journeesPatrimoine2015;850820.6071422194;6315784.150602388;4.878114299999995;43.92491810002232;43.92491810002232;4.878114299999995
;280;2015;30;GRENIER A SEL - HÔTEL DE LA GRANDE LOGE DE France;;Ancien grenier à sel datant du XVIIIe s., restauré au début des années 1980 par l’architecte Jean-Michel WILMOTTE. Classé monument historique.;Les francs-maçons de la Grande Loge de France d'Avignon ouvriront leurs locaux afin de mieux faire connaître le patrimoine culturel qui est le leur depuis plusieurs siècles et leur vision d'avenir. A cette occasion de courtes conférences (1h) seront organisées chaque jour afin de répondre aux questions des visiteurs. - visite commentée : samedi et dimanche : 10h – 18h. Cconférence : samedi à 11h et à 15h – dimanche à 11h, 15h et 17h.;samedi et dimanche de 10h - 18h. Ouverture exceptionnelle (fermé au public le reste de l’année). Accès handicapés moteurs.;f;;f;Sites et Monuments;28 rue Palapharnerie;;gratuit;;;;;;;20180801155108;20180801155108;;84007;218400075;Mairie Avignon / Pôle Vivre Ensemble / DPT Culture;LO;;Tableau XLS du service métier, intégration et gécodage SIG;Avignon Intra muros;manuelle;1.0;;t;84007-journeesPatrimoine2015;845433.7977593014;6318800.893658401;4.8119201563471385;43.95319278718442;43.95319278718442;4.8119201563471385
;281;2015;31;HÔTEL DE SALVATI-PALASSE - ACADEMIE DE VAUCLUSE;;Maison du parfumeur François Palasse, à la façade très ornementée. Siège de l’Académie de Vaucluse. Classé monument historique.;Visite commentée toutes les heures de 14h à 17h (max. 15 personnes). Inscriptions obligatoires sur place dès 13h30.;samedi de 14h à 17h.;f;;f;Sites et Monuments;5 rue Galante;;gratuit;academiedevaucluse.fr;;;;;;20180801155108;20180801155108;;84007;218400075;Mairie Avignon / Pôle Vivre Ensemble / DPT Culture;LO;;Tableau XLS du service métier, intégration et gécodage SIG;Avignon Intra muros;manuelle;1.0;;t;84007-journeesPatrimoine2015;845021.6845899947;6318236.191505036;4.806626604329525;43.9481969731423;43.9481969731423;4.806626604329525
;282;2015;32;HÔTEL D'ADHEMAR DE CRANSAC;;Demeure privée du XVIIe s. Cour intérieure avec calade. Sur la façade sud, échauguette. Salons décorés. Exposition de costumes, dentelles et crèches anciennes. Classé monument historique.;Visite des salons décorés, exposition de costumes, dentelles et crèches anciennes (XVIIe s.).;samedi et dimanche de 14h à 18h;f;;f;Sites et Monuments;11 rue de Taulignan;;6 €;;;;04.90.86.13.28;;;20180801155108;20180801155108;;84007;218400075;Mairie Avignon / Pôle Vivre Ensemble / DPT Culture;LO;;Tableau XLS du service métier, intégration et gécodage SIG;Avignon Intra muros;manuelle;1.0;;t;84007-journeesPatrimoine2015;845148.5504285811;6318437.781106176;4.808264000000019;43.94998460002229;43.94998460002229;4.808264000000019
;283;2015;33;ATELIER JEAN-LOUP BOUVIER RESTAURATION DE MONUMENTS HISTORIQUES;;Atelier de restauration de Monuments Historiques, sculpture statuaire et ornementale organisé en différentes unités de travaux sur 6 000 m2 de terrain et 800 m2 d’ateliers.;Visite des différents ateliers ouverts au public depuis une quinzaine d’années montrant les différentes techniques de restauration, de sculpture, gypserie, moulage, touchant toutes les époques de notre patrimoine. Visite guidée sans rendez-vous.;samedi et dimanche de 8h30 à 18h30.;f;;f;Sites et Monuments;9 rue du Ponant - Les Angles;;gratuit;;;;04 90 25 32 90;;;20180801155108;20180801155108;;84007;218400075;Mairie Avignon / Pôle Vivre Ensemble / DPT Culture;LO;;Tableau XLS du service métier, intégration et gécodage SIG;;manuelle;1.0;;t;84007-journeesPatrimoine2015;839934.9239283259;6319217.959497715;4.743548598820158;43.958059358374506;43.958059358374506;4.743548598820158
;284;2015;34;CHAPELLE SAINTE CLAIRE;;Créé au XIIIe s. par les Clarisses, le couvent est remanié au XIVe s. L'illustre Pétrarque y rencontra Laure le 6 avril 1327. Classé monument historique.;"Visite guidée du site, samedi et dimanche à 15 h. Lectures de 16h à 17h avec Marie Jouannic (centre de poésie d’Avignon) et Philippe Chauché (France Bleu Vaucluse) (sous réserve). Approche sensorielle du jardin au Moyen Âge par Olivia Désir, horticultrice.

";samedi et dimanche de 10h à 18h. Accès handicapés moteurs total.;f;;f;Eglises et Chapelles;20 bis rue du Roi René ;;gratuit;;;;;;;20180801155108;20180801155108;;84007;218400075;Mairie Avignon / Pôle Vivre Ensemble / DPT Culture;LO;;Tableau XLS du service métier, intégration et gécodage SIG;Avignon Intra muros;manuelle;1.0;;t;84007-journeesPatrimoine2015;845260.9872652662;6318041.852126385;4.8095512343406615;43.946399138690786;43.946399138690786;4.8095512343406615
;285;2015;35;EGLISE NOTRE DAME DE BON REPOS, MONTFAVET;;Construite au XIVe siècle à l’initiative du cardinal Bertrand de Montfavet, l’église abrite notamment des peintures murales du XIVe siècle, un maître-autel en bois doré et une Vierge à l’enfant monumentale du XVIIIe siècle, ainsi qu’un tableau représentant La Visitation par Nicolas Mignard. Classé monument historique.;Conférence avec projection : commentaire de la restauration du tableau du Baptême du Christ par Mme Anne-Cyrille Bonnefoy-Devillers, conservateur-restaurateur du patrimoine, samedi à 15h.;samedi de 7h30 à12h et de 15h à 20h. dimanche de 7h30 à 13h. Accès handicapés moteurs total.;f;;f;Eglises et Chapelles;Place de l’Eglise - Montfavet;;gratuit;;;;04.90.32.09.87;;;20180801155108;20180801155108;;84007;218400075;Mairie Avignon / Pôle Vivre Ensemble / DPT Culture;LO;;Tableau XLS du service métier, intégration et gécodage SIG;Avignon Montfavet;manuelle;1.0;;t;84007-journeesPatrimoine2015;850213.3748803578;6316967.261719191;4.870904500747746;43.93569227754189;43.93569227754189;4.870904500747746
;286;2015;36;CHAPELLE SAINTE MARTHE;;Edifiée en 1751, cette chapelle fut construite sur demande des sœurs de Saint-Joseph. Sa façade à deux niveaux d’élévation est surmontée d’un fronton triangulaire et l’intérieur présente un chœur carré à pans coupés. Située derrière l’université, cette église fait désormais office d’aumônerie pour les étudiants et n’est habituellement ouverte que pour les offices. Classé monument historique.;Visite libre de la chapelle.; samedi et dimanche de 14h à 20h.;f;;f;Eglises et Chapelles;Esplanade Bernard Blavoux, Place Saint-Bernard;;Gratuit;;;;;;;20180801155108;20180801155108;;84007;218400075;Mairie Avignon / Pôle Vivre Ensemble / DPT Culture;LO;;Tableau XLS du service métier, intégration et gécodage SIG;Avignon Intra muros;manuelle;1.0;;t;84007-journeesPatrimoine2015;845849.427303602;6318494.210309068;4.817008639624214;43.95034752569589;43.95034752569589;4.817008639624214
;287;2015;37;CHAPELLE DES PENITENTS NOIRS;;Commencée au XVIIe s, la chapelle est restaurée au siècle suivant. La façade, le plafond et les boiseries dorées sont de T. Lainée et de J.-B. Franque (XVIIIe siècle), les peintures de N. et P. Mignard, et de Reynaud-Levieux. Classé monument historique.;Conférence sur l’Histoire et Beautés de l’Art Baroque en Provence par M. Paul Carbon, historien, samedi à 15h. Présentation et signature de son livre sur l’Histoire et beautés de l’Europe Baroque méditerranéenne. Moment musical à l’orgue, dimanche de 14h à 19h.;samedi de 10h à 12h et de 14h à 19h. dimanche de 14h à 19h.;f;;f;Eglises et Chapelles;57 rue Banasterie;;gratuit;;;;;;;20180801155108;20180801155108;;84007;218400075;Mairie Avignon / Pôle Vivre Ensemble / DPT Culture;LO;;Tableau XLS du service métier, intégration et gécodage SIG;Avignon Intra muros;manuelle;1.0;;t;84007-journeesPatrimoine2015;845265.821505869;6318725.520686658;4.809806599999991;43.95254930002231;43.95254930002231;4.809806599999991
;288;2015;38;CHAPELLE DES PENITENTS GRIS;;Les chapelles du XVIe s. et XVIIe s. flanquent la nef centrale réédifiée au XIXe s. S’y produisit le « Miracle des eaux » le 30 novembre 1443. Classé monument historique.;Visite libre de la chapelle ouverte exceptionnellement au public.;samedi et dimanche de 10h à 12h et de 14h à 18h.;f;;f;Eglises et Chapelles;8 rue des Teinturiers;;gratuit;penitentsgris.fr;;;;;;20180801155108;20180801155108;;84007;218400075;Mairie Avignon / Pôle Vivre Ensemble / DPT Culture;LO;;Tableau XLS du service métier, intégration et gécodage SIG;Avignon Intra muros;manuelle;1.0;;t;84007-journeesPatrimoine2015;845502.4820922728;6317952.661256796;4.812533038537049;43.94554682256034;43.94554682256034;4.812533038537049
;290;2015;39;TEMPLE SAINT MARTIAL;;Prieuré-collège fondé en 1378 par le cardinal Pierre de Cros. Les bâtiments conventuels reconstruits par P. Rochas furent en partie démolis par le percement du cours Jean Jaurès en 1856. Dans le square, ruines du cloître. Affecté au culte protestant depuis 1881. Classé monument historique.;Trio Mascarade : violon, violoncelle et clavecin, et conteuse Aïni Iften proposent un « Voyage baroque dans la lune », relecture contemporaine de l’Histoire comique des Etats et Empires de la lune de Cyrano de Bergerac, au Violon, Valentin Seignez-Bacquet, au Violoncelle, Dorine Lepeltier, au Clavecin, Elies Tataruch. Samedi à 18h . dimanche à 14h, 15h, 16h, 17h : mini-concerts, Jean-Marie Puli, orgue. 18h : concert, Jean-Marie Puli, orgue, Frédéric Garzia et William Saïd, trompettes.;samedi de 10h à 12h et de 14h 18h. dimanche de 14h à 18h. Accès handicapés moteurs partiel.;f;;f;Eglises et Chapelles;2 rue Henri Fabre;;gratuit;;;;;;;20180801155108;20180801155108;;84007;218400075;Mairie Avignon / Pôle Vivre Ensemble / DPT Culture;LO;;Tableau XLS du service métier, intégration et gécodage SIG;Avignon Intra muros;manuelle;1.0;;t;84007-journeesPatrimoine2015;844983.0824280673;6317879.493522227;4.806044263183687;43.944995609879776;43.944995609879776;4.806044263183687
;291;2015;40;CHAPELLE DU NOVICIAT DES JESUITES SAINT-LOUIS;;Commencée en 1601 sur un plan en croix grecque, elle est bénie en 1611. Coupole sur pendentifs peints au XVIIIe s. par J.D. Attiret figurant les quatre évangélistes. Grand tableau de P. Sauvan représentant Saint-Louis. Inscrit au registre des monuments historiques.;Visite libre.;samedi de 14h à 20h. dimanche de 8h à 20h.;f;;f;Eglises et Chapelles;rue du Portail Boquier - 84000 Avignon;;gratuit;diocese-avignon.fr/spip/-Paroisse-Saint-Agricol-;;;;;;20180801155108;20180801155108;;84007;218400075;Mairie Avignon / Pôle Vivre Ensemble / DPT Culture;LO;;Tableau XLS du service métier, intégration et gécodage SIG;Avignon Intra muros;manuelle;1.0;;t;84007-journeesPatrimoine2015;844889.3229109171;6317841.100405091;4.80486578441616;43.94466946829939;43.94466946829939;4.80486578441616
;292;2015;41;COLLEGIALE SAINT-AGRICOL;;Reconstruite au début du XIVe siècle par le pape Jean XXII, la façade est remaniée au XVe siècle. Peintures de N. Mignard, S. de Châlons, G. Grève. Retable des Doni (1525). Orgue néo-gothique classé (1862). Classé monument historique.;"Visites guidées de l’église organisées par la Commission culturelle Saint-Agricol Patrimoine vivant. Samedi à 11h00, 14h30 et 16h30 ; dimanche à 14h30 et 16h00 (rendez-vous devant la chapelle Saint-Agricol au fond de l'église). Plus d'informations : 04 90 82 17 87 et stagricol.patrimoinevivant@gmail.com. Concert d’orgue par Luc Antonini avec œuvres de Bach, Brahms, Liszt et Messiaen, samedi de 17h30 à 18h30."; ;f;;f;Eglises et Chapelles;parvis Saint-Agricol ;;gratuit;diocese-avignon.fr/spip/-Paroisse-Saint-Agricol-;;;;;;20180801155108;20180801155108;;84007;218400075;Mairie Avignon / Pôle Vivre Ensemble / DPT Culture;LO;;Tableau XLS du service métier, intégration et gécodage SIG;Avignon Intra muros;manuelle;1.0;;t;84007-journeesPatrimoine2015;844840.0477850296;6318326.115143945;4.804390222500026;43.949043416020295;43.949043416020295;4.804390222500026
;293;2015;42;CHAPELLE DE L'ORATOIRE;;Construite au XVIIIe s. sur un plan elliptique. Maître-autel de bois doré. Classé monument historique.;Visite libre;samedi et dimanche de 8h à 20 h. Accès handicapés moteurs total.;f;;f;Eglises et Chapelles;32 rue Joseph Vernet ;;gratuit;diocese-avignon.fr/spip/-Paroisse-Saint-Agricol-;;;;;;20180801155108;20180801155108;;84007;218400075;Mairie Avignon / Pôle Vivre Ensemble / DPT Culture;LO;;Tableau XLS du service métier, intégration et gécodage SIG;Avignon Intra muros;manuelle;1.0;;t;84007-journeesPatrimoine2015;844755.9303552171;6318304.216676291;4.803336438483493;43.94886368151908;43.94886368151908;4.803336438483493
;294;2015;43;SYNAGOGUE;;Reconstruite par Joffroy en 1846 suite à un incendie qui détruisit la synagogue du XVIIIe s. Celle-ci était elle-même édifiée dans la Carrière (Juiverie) du Moyen Âge. Classé monument historique.;Visite commentée de la synagogue.;dimanche uniquement de 10h à 18h;f;;f;Eglises et Chapelles;2 Place de Jérusalem;;gratuit;;;;04.90.85.21.24;;;20180801155108;20180801155108;;84007;218400075;Mairie Avignon / Pôle Vivre Ensemble / DPT Culture;LO;;Tableau XLS du service métier, intégration et gécodage SIG;Avignon Intra muros;manuelle;1.0;;t;84007-journeesPatrimoine2015;845210.4391557762;6318265.6403132845;4.80898562003124;43.948423044305166;43.948423044305166;4.80898562003124
;295;2015;44;COLLEGIALE SAINT-DIDIER;;Caractéristique du gothique provençal. Reconstruite au XIVe s grâce au cardinal Bertrand de Déaux (monument funéraire dans le chœur). A voir le Portement de croix, sculpté et peint par Francesco Laurana au XVe s. Classé monument historique.;Visite libre. Concert d’orgue par Jean-Michel Robbe œuvres de Guilmant, Schumann, Vierne, Alain, dimanche de 15h30 à 16h30. ;samedi et dimanche de 10h à 18h;f;;f;Eglises et Chapelles;Place Saint-Didier - 84000 Avignon;;gratuit;;;;;;;20180801155108;20180801155108;;84007;218400075;Mairie Avignon / Pôle Vivre Ensemble / DPT Culture;LO;;Tableau XLS du service métier, intégration et gécodage SIG;Avignon Intra muros;manuelle;1.0;;t;84007-journeesPatrimoine2015;845049.3959796255;6318085.79033589;4.806928834296089;43.94683806596872;43.94683806596872;4.806928834296089
;296;2015;45;BASILIQUE SAINT-PIERRE;;Rebâtie en 1358 grâce au cardinal Pierre des Prés. Façade de style gothique flamboyant avec portes en noyer sculpté par Antoine Volard (1551). Reliques du Bienheureux Pierre de Luxembourg. Erigée en collégiale par le pape Innocent VI, puis en basilique en 2012. Classé monument historique.;"Visite libre. Présentation de l’orgue par Frédéric Barrot avec accès à la tribune ; œuvres musicales de Guilmant, Bonnet, Vierne, dimanche de 17h à 18h.";samedi et dimanche de 9h30 à 18h30;f;;f;Eglises et Chapelles;Place St-Pierre;;gratuit;;;;;;;20180801155108;20180801155108;;84007;218400075;Mairie Avignon / Pôle Vivre Ensemble / DPT Culture;LO;;Tableau XLS du service métier, intégration et gécodage SIG;Avignon Intra muros;manuelle;1.0;;t;84007-journeesPatrimoine2015;845123.1239139925;6318352.849480474;4.80792312504665;43.9492256852007;43.9492256852007;4.80792312504665
;297;2015;46;EGLISE SAINT-SYMPHORIEN LES CARMES;;Eglise de l'ancien couvent des Carmes (XIVe s.), prend officiellement le titre paroissial de St-Symphorien en 1853. Peintures de N. Mignard, P. Parrocel et G. Grève. Orgue classé. Cloître. Classé monument historique.;Visite libre. Présentation de l’orgue par Frédéric Barrot avec accès à la tribune, œuvres musicales de Bach et Brahms, dimanche de 14h à 15h.;Horaires de l’église : samedi et dimanche de 8h30 à 18h. Cloître et jardin : samedi et dimanche de 10h à 18h.;f;;f;Eglises et Chapelles;Place des Carmes;;gratuit;;;;;;;20180801155108;20180801155108;;84007;218400075;Mairie Avignon / Pôle Vivre Ensemble / DPT Culture;LO;;Tableau XLS du service métier, intégration et gécodage SIG;Avignon Intra muros;manuelle;1.0;;t;84007-journeesPatrimoine2015;845528.0940764608;6318533.923222446;4.813018200000003;43.95077130002229;43.95077130002229;4.813018200000003
;298;2015;47;MARCHÉ ET CORPORATIONS;;Visite guidée à travers les rues d’Avignon pour découvrir le développement de la ville du Moyen Âge au XIXe siècle. Chaque corporation de métier s’installait dans une même rue et donnait le nom de son métier à cette dernière. C’est une pratique qui remonte à l’époque romaine et qui est encore visible dans les rues d’Avignon aujourd’hui. Durée 2h.;;RV à 10h samedi et dimanche ;f;;f;Visites patrimoniales;sur le parking Ferruce – devant la grille de la Cour du Châtelet.;;gratuit;;;;;;;20180801155108;20180801155108;;84007;218400075;Mairie Avignon / Pôle Vivre Ensemble / DPT Culture;LO;;Tableau XLS du service métier, intégration et gécodage SIG;Avignon Intra muros;manuelle;1.0;;t;84007-journeesPatrimoine2015;844943.9436402884;6318755.7308253115;4.805806462716346;43.952887424623576;43.952887424623576;4.805806462716346
;299;2015;48;LA RUE DES TEINTURIERS;;Visite guidée d’une rue très célèbre d’Avignon : avec l’industrie du textile, la chapelle des Pénitents gris et la célèbre maison Pernaud ou encore le couvent des Cordeliers, cette rue regorge de richesses. Venez découvrir son patrimoine matériel et naturel riche.;;RV samedi et dimanche à 14h30 et 16h;f;;f;Visites patrimoniales; rue des Teinturiers – à hauteur de la Chapelle des Pénitents Gris;;gratuit;;;;;;;20180801155108;20180801155108;;84007;218400075;Mairie Avignon / Pôle Vivre Ensemble / DPT Culture;LO;;Tableau XLS du service métier, intégration et gécodage SIG;Avignon Intra muros;manuelle;1.0;;t;84007-journeesPatrimoine2015;845500.1168530587;6317965.455140499;4.812507242598235;43.945662420940025;43.945662420940025;4.812507242598235
;300;2015;49;"LE CENTRE HISTORIQUE D’AVIGNON
CLASSÉ AU PATRIMOINE MONDIAL";;C’est autour du Rocher des Doms, berceau de la ville, que la visite guidée aura lieu. Ce parcours présente une découverte des monuments du patrimoine mondial de l’Unesco tels que le Palais des Papes, le Pont Saint-Bénezet et les remparts de la ville (visite sans accès aux édifices). Durée 1h.;;RV à 10h30, 14h30 et 16h30 samedi et dimanche ;t;;f;Visites patrimoniales;devant le Palais des Papes – face au restaurant le Moutardier;;gratuit;;;;;;;20180801155108;20180801155108;;84007;218400075;Mairie Avignon / Pôle Vivre Ensemble / DPT Culture;LO;;Tableau XLS du service métier, intégration et gécodage SIG;Avignon Intra muros;manuelle;1.0;;t;84007-journeesPatrimoine2015;845002.9317083098;6318558.007754104;4.806484771877232;43.95109630824946;43.95109630824946;4.806484771877232
